-- MySQL dump 10.14  Distrib 5.5.41-MariaDB, for Linux (x86_64)
--
-- Host: localhost    Database: im
-- ------------------------------------------------------
-- Server version	5.5.41-MariaDB-log

/*!40101 SET @OLD_CHARACTER_SET_CLIENT=@@CHARACTER_SET_CLIENT */;
/*!40101 SET @OLD_CHARACTER_SET_RESULTS=@@CHARACTER_SET_RESULTS */;
/*!40101 SET @OLD_COLLATION_CONNECTION=@@COLLATION_CONNECTION */;
/*!40101 SET NAMES utf8 */;
/*!40103 SET @OLD_TIME_ZONE=@@TIME_ZONE */;
/*!40103 SET TIME_ZONE='+00:00' */;
/*!40014 SET @OLD_UNIQUE_CHECKS=@@UNIQUE_CHECKS, UNIQUE_CHECKS=0 */;
/*!40014 SET @OLD_FOREIGN_KEY_CHECKS=@@FOREIGN_KEY_CHECKS, FOREIGN_KEY_CHECKS=0 */;
/*!40101 SET @OLD_SQL_MODE=@@SQL_MODE, SQL_MODE='NO_AUTO_VALUE_ON_ZERO' */;
/*!40111 SET @OLD_SQL_NOTES=@@SQL_NOTES, SQL_NOTES=0 */;

--
-- Table structure for table `IMAddFriendNotify`
--

DROP TABLE IF EXISTS `IMAddFriendNotify`;
/*!40101 SET @saved_cs_client     = @@character_set_client */;
/*!40101 SET character_set_client = utf8 */;
CREATE TABLE `IMAddFriendNotify` (
  `id` int(11) unsigned NOT NULL AUTO_INCREMENT,
  `from_id` int(11) NOT NULL COMMENT '用户A发起添加好友请求',
  `to_id` int(11) NOT NULL COMMENT '被添加的好友',
  `status` int(1) NOT NULL COMMENT '0:发起请求，对方没有确认。1:对方已经确认',
  `create_date` int(11) NOT NULL,
  `update_date` int(11) DEFAULT NULL,
  `result` int(11) NOT NULL,
  PRIMARY KEY (`id`)
) ENGINE=InnoDB AUTO_INCREMENT=198 DEFAULT CHARSET=utf8;
/*!40101 SET character_set_client = @saved_cs_client */;

--
-- Dumping data for table `IMAddFriendNotify`
--

LOCK TABLES `IMAddFriendNotify` WRITE;
/*!40000 ALTER TABLE `IMAddFriendNotify` DISABLE KEYS */;
INSERT INTO `IMAddFriendNotify` VALUES (174,1000067,1000070,4,1433386262,1433387829,1),(175,1000054,1000067,4,1433388251,1433399967,1),(176,1000054,1000070,2,1433388271,1433398357,1),(177,1000071,1000060,4,1433388549,1433399099,1),(178,1000068,1000069,2,1433388789,NULL,0),(179,1000059,1000057,4,1433389250,1433390428,1),(180,1000060,1000060,4,1433389921,1433394730,1),(181,1000059,1000069,2,1433398129,NULL,0),(182,1000060,1000071,2,1433398749,NULL,0),(183,1000073,1000057,4,1433398813,1433399233,1),(184,1000057,1000059,4,1433399028,1433407169,1),(185,1000067,1000054,4,1433399870,1433401659,1),(186,1000077,1000054,4,1433402444,1433402451,1),(187,1000059,1000066,2,1433402552,NULL,0),(188,1000059,1000056,4,1433407004,1433407150,1),(189,1000056,1000059,2,1433407084,NULL,0),(190,1000059,1000061,1,1433407142,NULL,0),(191,1000054,1000076,2,1433407735,NULL,0),(192,1000083,1000056,4,1433408525,1433408541,1),(193,1000083,1000061,4,1433408535,1433408548,1),(194,1000062,1000054,4,1433409536,1433411399,1),(195,1000076,1000054,4,1433409656,1433416848,1),(196,1000074,1000074,4,1433412508,1433412555,1),(197,1000054,1000068,4,1433412936,1433412950,1);
/*!40000 ALTER TABLE `IMAddFriendNotify` ENABLE KEYS */;
UNLOCK TABLES;

--
-- Table structure for table `IMAdmin`
--

DROP TABLE IF EXISTS `IMAdmin`;
/*!40101 SET @saved_cs_client     = @@character_set_client */;
/*!40101 SET character_set_client = utf8 */;
CREATE TABLE `IMAdmin` (
  `id` mediumint(6) unsigned NOT NULL AUTO_INCREMENT,
  `uname` varchar(40) NOT NULL COMMENT '用户名',
  `pwd` char(32) NOT NULL COMMENT '密码',
  `status` tinyint(2) unsigned NOT NULL DEFAULT '0' COMMENT '用户状态 0 :正常 1:删除 可扩展',
  `created` int(11) unsigned NOT NULL DEFAULT '0' COMMENT '创建时间´',
  `updated` int(11) unsigned NOT NULL DEFAULT '0' COMMENT '更新时间´',
  PRIMARY KEY (`id`)
) ENGINE=InnoDB AUTO_INCREMENT=2 DEFAULT CHARSET=utf8;
/*!40101 SET character_set_client = @saved_cs_client */;

--
-- Dumping data for table `IMAdmin`
--

LOCK TABLES `IMAdmin` WRITE;
/*!40000 ALTER TABLE `IMAdmin` DISABLE KEYS */;
/*!40000 ALTER TABLE `IMAdmin` ENABLE KEYS */;
UNLOCK TABLES;

--
-- Table structure for table `IMAudio`
--

DROP TABLE IF EXISTS `IMAudio`;
/*!40101 SET @saved_cs_client     = @@character_set_client */;
/*!40101 SET character_set_client = utf8 */;
CREATE TABLE `IMAudio` (
  `id` int(11) NOT NULL AUTO_INCREMENT,
  `fromId` int(11) unsigned NOT NULL COMMENT '发送者Id',
  `toId` int(11) unsigned NOT NULL COMMENT '接收者Id',
  `path` varchar(255) COLLATE utf8mb4_bin DEFAULT '' COMMENT '语音存储的地址',
  `size` int(11) unsigned NOT NULL DEFAULT '0' COMMENT '文件大小',
  `duration` int(11) unsigned NOT NULL DEFAULT '0' COMMENT '语音时长',
  `created` int(11) unsigned NOT NULL COMMENT '创建时间',
  PRIMARY KEY (`id`),
  KEY `idx_fromId_toId` (`fromId`,`toId`)
) ENGINE=InnoDB DEFAULT CHARSET=utf8mb4 COLLATE=utf8mb4_bin;
/*!40101 SET character_set_client = @saved_cs_client */;

--
-- Dumping data for table `IMAudio`
--

LOCK TABLES `IMAudio` WRITE;
/*!40000 ALTER TABLE `IMAudio` DISABLE KEYS */;
/*!40000 ALTER TABLE `IMAudio` ENABLE KEYS */;
UNLOCK TABLES;

--
-- Table structure for table `IMCustomProblem`
--

DROP TABLE IF EXISTS `IMCustomProblem`;
/*!40101 SET @saved_cs_client     = @@character_set_client */;
/*!40101 SET character_set_client = utf8 */;
CREATE TABLE `IMCustomProblem` (
  `id` int(11) NOT NULL AUTO_INCREMENT,
  `content` varchar(450) CHARACTER SET utf8mb4 DEFAULT NULL,
  `qqno` varchar(45) CHARACTER SET latin1 DEFAULT NULL,
  `token` varchar(45) CHARACTER SET latin1 DEFAULT NULL,
  `uid` int(11) DEFAULT NULL,
  PRIMARY KEY (`id`)
) ENGINE=InnoDB AUTO_INCREMENT=34 DEFAULT CHARSET=utf8;
/*!40101 SET character_set_client = @saved_cs_client */;

--
-- Dumping data for table `IMCustomProblem`
--

LOCK TABLES `IMCustomProblem` WRITE;
/*!40000 ALTER TABLE `IMCustomProblem` DISABLE KEYS */;
/*!40000 ALTER TABLE `IMCustomProblem` ENABLE KEYS */;
UNLOCK TABLES;

--
-- Table structure for table `IMDepart`
--

DROP TABLE IF EXISTS `IMDepart`;
/*!40101 SET @saved_cs_client     = @@character_set_client */;
/*!40101 SET character_set_client = utf8 */;
CREATE TABLE `IMDepart` (
  `id` int(11) unsigned NOT NULL AUTO_INCREMENT COMMENT '部门id',
  `departName` varchar(64) COLLATE utf8mb4_bin NOT NULL DEFAULT '' COMMENT '部门名称',
  `priority` int(11) unsigned NOT NULL DEFAULT '0' COMMENT '显示优先级',
  `parentId` int(11) unsigned NOT NULL COMMENT '上级部门id',
  `status` int(11) unsigned NOT NULL DEFAULT '0' COMMENT '状态',
  `created` int(11) unsigned NOT NULL COMMENT '创建时间',
  `updated` int(11) unsigned NOT NULL COMMENT '更新时间',
  PRIMARY KEY (`id`),
  KEY `idx_departName` (`departName`),
  KEY `idx_priority_status` (`priority`,`status`)
) ENGINE=InnoDB AUTO_INCREMENT=2 DEFAULT CHARSET=utf8mb4 COLLATE=utf8mb4_bin;
/*!40101 SET character_set_client = @saved_cs_client */;

--
-- Dumping data for table `IMDepart`
--

LOCK TABLES `IMDepart` WRITE;
/*!40000 ALTER TABLE `IMDepart` DISABLE KEYS */;
/*!40000 ALTER TABLE `IMDepart` ENABLE KEYS */;
UNLOCK TABLES;

--
-- Table structure for table `IMDiscovery`
--

DROP TABLE IF EXISTS `IMDiscovery`;
/*!40101 SET @saved_cs_client     = @@character_set_client */;
/*!40101 SET character_set_client = utf8 */;
CREATE TABLE `IMDiscovery` (
  `id` int(11) unsigned NOT NULL AUTO_INCREMENT COMMENT 'id',
  `itemName` varchar(64) COLLATE utf8mb4_bin NOT NULL DEFAULT '' COMMENT '名称',
  `itemUrl` varchar(64) COLLATE utf8mb4_bin NOT NULL DEFAULT '' COMMENT 'URL',
  `itemPriority` int(11) unsigned NOT NULL COMMENT '显示优先级',
  `status` int(11) unsigned NOT NULL DEFAULT '0' COMMENT '状态',
  `created` int(11) unsigned NOT NULL COMMENT '创建时间',
  `updated` int(11) unsigned NOT NULL COMMENT '更新时间',
  PRIMARY KEY (`id`),
  KEY `idx_itemName` (`itemName`)
) ENGINE=InnoDB AUTO_INCREMENT=4 DEFAULT CHARSET=utf8mb4 COLLATE=utf8mb4_bin;
/*!40101 SET character_set_client = @saved_cs_client */;

--
-- Dumping data for table `IMDiscovery`
--

LOCK TABLES `IMDiscovery` WRITE;
/*!40000 ALTER TABLE `IMDiscovery` DISABLE KEYS */;
/*!40000 ALTER TABLE `IMDiscovery` ENABLE KEYS */;
UNLOCK TABLES;

--
-- Table structure for table `IMEmotion`
--

DROP TABLE IF EXISTS `IMEmotion`;
/*!40101 SET @saved_cs_client     = @@character_set_client */;
/*!40101 SET character_set_client = utf8 */;
CREATE TABLE `IMEmotion` (
  `id` int(11) NOT NULL AUTO_INCREMENT,
  `uid` int(11) DEFAULT NULL,
  `title` varchar(45) CHARACTER SET utf8mb4 DEFAULT NULL,
  `content` varchar(450) CHARACTER SET utf8mb4 DEFAULT NULL,
  PRIMARY KEY (`id`)
) ENGINE=InnoDB AUTO_INCREMENT=43 DEFAULT CHARSET=latin1;
/*!40101 SET character_set_client = @saved_cs_client */;

--
-- Dumping data for table `IMEmotion`
--

LOCK TABLES `IMEmotion` WRITE;
/*!40000 ALTER TABLE `IMEmotion` DISABLE KEYS */;
INSERT INTO `IMEmotion` VALUES (42,1000067,'我们在一','快乐咯咯哦哦推荐健健康康快快乐乐健健康康快乐了条件健健康康快快乐乐');
/*!40000 ALTER TABLE `IMEmotion` ENABLE KEYS */;
UNLOCK TABLES;

--
-- Table structure for table `IMFavorite`
--

DROP TABLE IF EXISTS `IMFavorite`;
/*!40101 SET @saved_cs_client     = @@character_set_client */;
/*!40101 SET character_set_client = utf8 */;
CREATE TABLE `IMFavorite` (
  `id` int(10) unsigned NOT NULL AUTO_INCREMENT,
  `uid` int(11) NOT NULL,
  `storyid` int(11) NOT NULL,
  `praisestate` int(11) NOT NULL,
  PRIMARY KEY (`id`) USING BTREE
) ENGINE=InnoDB AUTO_INCREMENT=74 DEFAULT CHARSET=utf8;
/*!40101 SET character_set_client = @saved_cs_client */;

--
-- Dumping data for table `IMFavorite`
--

LOCK TABLES `IMFavorite` WRITE;
/*!40000 ALTER TABLE `IMFavorite` DISABLE KEYS */;
INSERT INTO `IMFavorite` VALUES (59,1000057,82,1),(60,1000060,84,1),(61,1000057,87,1),(62,1000067,90,1),(63,1000067,94,1),(64,1000066,89,1),(65,1000055,114,1),(66,1000055,104,1),(67,1000056,119,1),(68,1000055,112,1),(69,1000056,118,1),(70,1000057,88,1),(71,1000057,86,1),(72,1000059,123,1),(73,1000059,120,1);
/*!40000 ALTER TABLE `IMFavorite` ENABLE KEYS */;
UNLOCK TABLES;

--
-- Table structure for table `IMFriend`
--

DROP TABLE IF EXISTS `IMFriend`;
/*!40101 SET @saved_cs_client     = @@character_set_client */;
/*!40101 SET character_set_client = utf8 */;
CREATE TABLE `IMFriend` (
  `id` int(11) NOT NULL AUTO_INCREMENT,
  `uid` int(11) NOT NULL,
  `friendid` int(11) NOT NULL,
  `created` int(11) NOT NULL,
  PRIMARY KEY (`id`) USING BTREE
) ENGINE=InnoDB AUTO_INCREMENT=226 DEFAULT CHARSET=utf8;
/*!40101 SET character_set_client = @saved_cs_client */;

--
-- Dumping data for table `IMFriend`
--

LOCK TABLES `IMFriend` WRITE;
/*!40000 ALTER TABLE `IMFriend` DISABLE KEYS */;
INSERT INTO `IMFriend` VALUES (181,1000057,1000059,1433390428),(202,1000060,1000071,1433399099),(203,1000057,1000073,1433399233),(208,1000054,1000067,1433401659),(209,1000054,1000077,1433402451),(211,1000056,1000059,1433407150),(212,1000056,1000083,1433408541),(214,1000054,1000062,1433411399),(219,1000054,1000068,1433412950);
/*!40000 ALTER TABLE `IMFriend` ENABLE KEYS */;
UNLOCK TABLES;

--
-- Table structure for table `IMGroup`
--

DROP TABLE IF EXISTS `IMGroup`;
/*!40101 SET @saved_cs_client     = @@character_set_client */;
/*!40101 SET character_set_client = utf8 */;
CREATE TABLE `IMGroup` (
  `id` int(11) unsigned NOT NULL AUTO_INCREMENT,
  `name` varchar(256) COLLATE utf8mb4_bin NOT NULL DEFAULT '' COMMENT '群名称',
  `avatar` varchar(256) COLLATE utf8mb4_bin NOT NULL DEFAULT '' COMMENT '群头像',
  `creator` int(11) unsigned NOT NULL DEFAULT '0' COMMENT '创建者用户id',
  `type` tinyint(3) unsigned NOT NULL DEFAULT '1' COMMENT '群组类型，1-固定;2-临时群',
  `userCnt` int(11) unsigned NOT NULL DEFAULT '0' COMMENT '成员人数',
  `status` tinyint(3) unsigned NOT NULL DEFAULT '1' COMMENT '是否删除,0-正常，1-删除',
  `version` int(11) unsigned NOT NULL DEFAULT '1' COMMENT '群版本号',
  `lastChated` int(11) unsigned NOT NULL DEFAULT '0' COMMENT '最后聊天时间',
  `updated` int(11) unsigned NOT NULL DEFAULT '0' COMMENT '更新时间',
  `created` int(11) unsigned NOT NULL DEFAULT '0' COMMENT '创建时间',
  `intro` varchar(256) CHARACTER SET utf8mb4 NOT NULL,
  `token` varchar(256) CHARACTER SET utf8mb4 NOT NULL,
  `guid` varchar(256) COLLATE utf8mb4_bin NOT NULL,
  `rank` int(11) NOT NULL,
  `isplay` varchar(45) CHARACTER SET utf8mb4 NOT NULL,
  `isFamily` int(11) NOT NULL,
  PRIMARY KEY (`id`),
  KEY `idx_name` (`name`(191)),
  KEY `idx_creator` (`creator`)
) ENGINE=InnoDB AUTO_INCREMENT=319 DEFAULT CHARSET=utf8mb4 COLLATE=utf8mb4_bin COMMENT='IM群信息';
/*!40101 SET character_set_client = @saved_cs_client */;

--
-- Dumping data for table `IMGroup`
--

LOCK TABLES `IMGroup` WRITE;
/*!40000 ALTER TABLE `IMGroup` DISABLE KEYS */;
INSERT INTO `IMGroup` VALUES (254,'夏夏夏夏','http://cosimage.b0.upaiyun.com/youxi/1000057_201506040914395.png',1000057,1,5,0,4,1433413290,1433380382,1433380382,'不知道说啥','','',0,'',1),(255,'燊创建的家族群','',1000053,1,2,0,1,0,1433382831,1433382831,'','','',0,'',0),(256,'燊创建的审核群','',1000053,1,2,0,1,0,1433382844,1433382844,'','','',0,'',0),(257,'夏夏创建的家族群','',1000057,1,2,0,1,0,1433383077,1433383077,'','','',0,'',0),(258,'燊创建的审核群','',1000053,1,2,0,1,0,1433383512,1433383512,'','','',0,'',0),(259,'燊创建的审核群','',1000053,1,2,0,1,0,1433383515,1433383515,'','','',0,'',0),(260,'燊创建的审核群','',1000053,1,2,0,1,0,1433383728,1433383728,'','','',0,'',0),(261,'夏夏创建的审核群','',1000057,1,2,0,1,0,1433384810,1433384810,'','','',0,'',0),(262,'SummerRC创建的审核群','',1000069,1,6,0,5,1433391225,1433384998,1433384998,'','','',0,'',0),(263,'水聊群(审核群)','',1000069,1,2,0,1,0,1433385130,1433385130,'','','',0,'',0),(264,'雨荷的前十八年(自戏群)','',1000069,1,3,0,2,1433385563,1433385345,1433385345,'','','',0,'',0),(265,'SummerRC创建的审核群','',1000069,1,3,0,2,1433397819,1433385683,1433385683,'','','',0,'',0),(266,'cc family1','http://cosimage.b0.upaiyun.com/2015/6/1433385687388_451000_301000.jpg',1000070,1,2,0,1,1433386084,1433385702,1433385702,'123','','',0,'',1),(267,'迎客松','http://cosimage.b0.upaiyun.com/2015/6/1433386086794_735000_980000.jpg',1000067,1,5,0,6,1433401678,1433386148,1433386148,'大家有啥说啥，欢乐一家人','','',0,'',1),(268,'审核群','',1000067,1,3,0,2,1433414083,1433387542,1433387542,'','','',0,'',0),(269,'夏夏创建的审核群','',1000057,1,2,0,1,0,1433387555,1433387555,'','','',0,'',0),(270,'夏夏创建的审核群','',1000057,1,2,0,1,0,1433387629,1433387629,'','','',0,'',0),(271,'审核群','',1000067,1,2,0,1,0,1433388097,1433388097,'','','',0,'',0),(272,'对戏群','',1000067,1,3,0,2,1433412405,1433388219,1433388219,'','','',0,'',0),(273,'夏夏创建的审核群','',1000057,1,6,0,5,1433406165,1433388295,1433388295,'','','',0,'',0),(274,'二级审核(审核群)','',1000069,1,2,0,1,0,1433388364,1433388364,'','','',0,'',0),(275,'SummerRC创建的审核群','',1000069,1,4,0,3,1433412500,1433388402,1433388402,'','','',0,'',0),(276,'审核群','',1000059,1,3,0,2,1433397355,1433388491,1433388491,'','','',0,'',0),(277,'水聊(审核群)','',1000069,1,2,0,1,0,1433388500,1433388500,'','','',0,'',0),(278,'迎客松','',1000067,1,2,0,1,0,1433389053,1433389053,'','','',0,'',0),(279,'我j','',1000067,1,2,0,1,0,1433389494,1433389494,'','','',0,'',0),(280,'痛快淋漓','',1000067,1,2,0,1,0,1433389684,1433389684,'','','',0,'',0),(281,'我lkk','',1000067,1,2,0,1,0,1433389759,1433389759,'','','',0,'',0),(282,'审核群','',1000056,1,2,0,1,0,1433389786,1433389786,'','','',0,'',0),(283,'审核群','',1000056,1,9,0,6,1433410509,1433389803,1433389803,'','','',0,'',0),(284,'对戏群','',1000056,1,7,0,5,1433414318,1433389880,1433389880,'','','',0,'',0),(285,'金龙','',1000069,1,4,0,11,1433405865,1433399958,1433391838,'','','',0,'',1),(286,'审核群','',1000069,1,3,0,2,1433398092,1433392041,1433392041,'','','',0,'',0),(287,'夏夏创建的审核群','',1000057,1,2,0,1,0,1433397380,1433397380,'','','',0,'',0),(288,'哥哥(审核群)','',1000069,1,2,0,1,0,1433397447,1433397447,'','','',0,'',0),(289,'哥哥(自戏群)','',1000069,1,5,0,2,1433409872,1433397454,1433397454,'','','',0,'',0),(290,'特约(审核群)','',1000057,1,2,0,1,1433398744,1433397678,1433397678,'','','',0,'',0),(291,'太阳宫(自戏群)','',1000057,1,5,0,4,1433402732,1433397733,1433397733,'','','',0,'',0),(292,'发货(审核群)','',1000057,1,2,0,1,1433408119,1433397790,1433397790,'','','',0,'',0),(293,'审核群','',1000072,1,6,0,5,1433406179,1433398938,1433398938,'','','',0,'',0),(294,'家族群','',1000057,1,2,0,1,0,1433399686,1433399686,'','','',0,'',0),(295,'审核群','',1000057,1,2,0,1,0,1433399690,1433399690,'','','',0,'',0),(296,'水群(对戏群)','',1000072,1,2,0,1,1433400028,1433400011,1433400011,'','','',0,'',0),(297,'水群(对戏群)','',1000072,1,2,0,1,0,1433400011,1433400011,'','','',0,'',0),(298,'戏群(审核群)','',1000072,1,2,0,1,0,1433400062,1433400062,'','','',0,'',0),(299,'阿(对戏群)','',1000072,1,2,0,1,0,1433400417,1433400417,'','','',0,'',0),(300,'。(审核群)','',1000072,1,2,0,1,1433400760,1433400706,1433400706,'','','',0,'',0),(301,'。(审核群)','',1000072,1,2,0,1,0,1433400706,1433400706,'','','',0,'',0),(302,'审核群','',1000055,1,2,0,1,0,1433401517,1433401517,'','','',0,'',0),(303,'无题','',1000055,1,2,0,1,1433413063,1433402657,1433402657,'','','',0,'',0),(304,'审核群','',1000069,1,2,0,1,0,1433406243,1433406243,'','','',0,'',0),(305,'夏雨1','http://cosimage.b0.upaiyun.com/youxi/1000069_201506041624240.png',1000069,1,4,0,7,0,1433406247,1433406247,'了','','',0,'',1),(306,'cheng','http://cosimage.b0.upaiyun.com/2015/6/1433406948646_451000_301000.jpg',1000076,1,3,0,2,0,1433406964,1433406964,'11111','','',0,'',1),(307,'花家','http://cosimage.b0.upaiyun.com/youxi/1000072_201506041749832.png',1000072,1,3,0,2,1433411792,1433411334,1433411334,'未闻花名','','',0,'',1),(308,'宸伊家','http://cosimage.b0.upaiyun.com/2015/6/1433411594348_735000_980000.jpg',1000066,1,2,0,1,1433411793,1433411663,1433411663,'宸伊家','','',0,'',1),(309,'宸伊家','',1000066,1,2,0,1,0,1433411663,1433411663,'','','',0,'',0),(310,'宸伊家','',1000066,1,2,0,1,0,1433411664,1433411664,'','','',0,'',0),(311,'夏雨2','http://cosimage.b0.upaiyun.com/youxi/1000069_201506041809943.png',1000069,1,3,0,2,0,1433412579,1433412579,'下','','',0,'',1),(312,'夏雨3','http://cosimage.b0.upaiyun.com/youxi/1000068_201506041812546.png',1000068,1,3,0,2,0,1433412715,1433412715,'发','','',0,'',1),(313,'敌法师','http://cosimage.b0.upaiyun.com/2015/6/1433412848528_221000_295000.jpg',1000054,1,3,0,2,1433413310,1433412856,1433412856,'1111','','',0,'',1),(314,'审核群','',1000074,1,2,0,1,0,1433413149,1433413149,'','','',0,'',0),(315,'程','http://cosimage.b0.upaiyun.com/2015/6/1433413574637_226000_401000.jpg',1000054,1,4,0,3,0,1433413584,1433413584,'啦咯啦咯啦咯','','',0,'',1),(316,'狼人','http://cosimage.b0.upaiyun.com/2015/6/1433414252486_735000_980000.jpg',1000054,1,3,0,2,0,1433414267,1433414267,'啦咯啦咯啦咯','','',0,'',1),(317,'审核群','',1000054,1,3,0,2,1433414975,1433414422,1433414422,'','','',0,'',0),(318,'tunnel','',1000054,1,2,0,1,1433415960,1433414454,1433414454,'','','',0,'',0);
/*!40000 ALTER TABLE `IMGroup` ENABLE KEYS */;
UNLOCK TABLES;

--
-- Table structure for table `IMGroupChangeMemberNotify`
--

DROP TABLE IF EXISTS `IMGroupChangeMemberNotify`;
/*!40101 SET @saved_cs_client     = @@character_set_client */;
/*!40101 SET character_set_client = utf8 */;
CREATE TABLE `IMGroupChangeMemberNotify` (
  `id` int(11) unsigned NOT NULL AUTO_INCREMENT,
  `from_id` int(11) NOT NULL,
  `to_id` int(11) NOT NULL,
  `group_id` int(11) NOT NULL COMMENT 'group id',
  `message_type` int(11) NOT NULL COMMENT '1: ?????‚  2: ?????‚',
  `status` int(11) NOT NULL COMMENT '1: 发起方发出请求，接受方未接到   2:接受方接到请求，未确认   3: 接受方确认请求，发起方未接收到请求通知  4: 发起方接收到请求通知，流程结束。',
  `create_time` int(11) NOT NULL,
  `update_time` int(11) NOT NULL,
  `result` int(11) NOT NULL,
  PRIMARY KEY (`id`)
) ENGINE=InnoDB AUTO_INCREMENT=166 DEFAULT CHARSET=utf8;
/*!40101 SET character_set_client = @saved_cs_client */;

--
-- Dumping data for table `IMGroupChangeMemberNotify`
--

LOCK TABLES `IMGroupChangeMemberNotify` WRITE;
/*!40000 ALTER TABLE `IMGroupChangeMemberNotify` DISABLE KEYS */;
INSERT INTO `IMGroupChangeMemberNotify` VALUES (87,1000068,1000069,262,1,4,1433385154,1433385159,1),(88,1000056,1000069,262,1,4,1433385232,1433385238,1),(89,1000069,1000056,264,2,4,1433385360,1433385406,1),(90,1000069,1000061,264,2,1,1433385373,0,0),(91,1000070,1000057,254,1,4,1433385555,1433396740,1),(92,1000070,1000069,262,1,4,1433385566,1433385604,1),(93,1000056,1000070,266,1,2,1433385737,0,0),(94,1000070,1000069,265,1,4,1433385810,1433385815,1),(95,1000066,1000069,262,1,1,1433387113,0,0),(96,1000067,1000070,267,2,4,1433387870,1433387875,1),(97,1000057,1000057,273,1,2,1433389218,1433396741,1),(98,1000057,1000059,276,1,2,1433389309,1433390971,1),(99,1000057,1000056,283,1,2,1433389947,1433408542,1),(100,1000059,1000056,283,1,4,1433389952,1433406960,1),(101,1000072,1000057,273,1,4,1433389954,1433401932,1),(102,1000072,1000069,275,1,4,1433390041,1433390046,1),(103,1000054,1000070,266,1,2,1433390507,0,0),(104,1000059,1000057,273,1,4,1433390994,1433396741,1),(105,1000053,1000059,276,1,3,1433396041,1433397354,1),(106,1000073,1000057,273,1,4,1433396155,1433401930,1),(107,1000060,1000069,286,1,2,1433396239,0,0),(108,1000073,1000069,262,1,4,1433396659,1433396669,1),(109,1000069,1000059,286,2,4,1433397428,1433398092,1),(110,1000069,1000060,286,2,4,1433397428,0,0),(111,1000069,1000056,289,2,2,1433397467,0,0),(112,1000069,1000068,289,2,4,1433397467,1433406460,1),(113,1000069,1000064,289,2,3,1433397467,1433409020,1),(114,1000073,1000057,254,1,4,1433398990,1433400884,1),(115,1000066,1000072,293,1,4,1433399123,1433401303,1),(116,1000064,1000069,286,1,1,1433399314,0,0),(117,1000064,1000057,273,1,1,1433399337,0,0),(118,1000066,1000057,273,1,4,1433399346,1433400885,1),(119,1000072,1000065,293,2,1,1433399650,0,0),(120,1000057,1000073,291,2,4,1433400043,1433401588,1),(121,1000054,1000067,267,1,4,1433400097,1433400147,1),(122,1000073,1000072,293,1,4,1433400390,1433401302,1),(123,1000057,1000072,291,2,4,1433400824,1433401302,1),(124,1000060,1000067,267,1,4,1433400971,1433400975,1),(125,1000054,1000067,268,1,4,1433401197,1433401230,1),(126,1000074,1000069,275,1,4,1433401259,1433401289,1),(127,1000070,1000072,293,1,4,1433401266,1433401301,1),(128,1000057,1000053,291,2,1,1433401532,0,0),(129,1000057,1000059,291,2,3,1433401659,1433401673,1),(130,1000067,1000054,267,2,4,1433401674,1433401678,1),(131,1000060,1000055,302,1,2,1433401829,0,0),(132,1000073,1000067,267,1,2,1433401998,0,0),(133,1000060,1000072,293,1,4,1433402163,1433411760,1),(134,1000072,1000055,302,1,2,1433402815,0,0),(135,1000068,1000069,285,1,4,1433402884,1433402891,1),(136,1000071,1000069,285,1,4,1433403013,1433403017,1),(137,1000068,1000069,305,1,4,1433406362,1433406370,1),(138,1000071,1000069,305,1,4,1433406425,1433406429,1),(139,1000069,1000062,305,2,2,1433406442,0,0),(140,1000069,1000068,305,2,4,1433406453,1433412236,1),(141,1000057,1000055,302,1,1,1433407695,0,0),(142,1000059,1000057,254,1,4,1433408265,1433408349,1),(143,1000056,1000083,283,2,4,1433408579,1433409256,1),(144,1000056,1000059,283,2,4,1433408579,1433410509,1),(145,1000064,1000056,283,1,4,1433408612,1433408958,1),(146,1000072,1000056,283,1,4,1433408957,1433408964,1),(147,1000062,1000055,302,1,1,1433409768,0,0),(148,1000066,1000056,283,1,2,1433410923,0,0),(149,1000082,1000056,283,1,4,1433411388,1433411399,1),(150,1000072,1000057,307,2,4,1433411610,0,0),(151,1000072,1000073,307,2,1,1433411610,0,0),(152,1000069,1000068,285,2,4,1433411616,1433411860,1),(153,1000059,1000072,307,1,4,1433411746,1433411761,1),(154,1000069,1000082,285,2,1,1433412366,0,0),(155,1000069,1000071,285,2,4,1433412366,1433412381,1),(156,1000054,1000069,275,1,2,1433412539,0,0),(157,1000068,1000069,311,1,4,1433412636,1433412646,1),(158,1000069,1000068,312,1,4,1433412759,1433412769,1),(159,1000068,1000054,313,1,4,1433412893,1433412912,1),(160,1000054,1000074,314,1,2,1433413193,0,0),(161,1000068,1000076,306,1,4,1433413614,1433413669,1),(162,1000068,1000054,315,1,4,1433413667,1433413681,1),(163,1000069,1000054,315,1,4,1433413678,1433413685,1),(164,1000068,1000054,316,1,4,1433414292,1433414302,1),(165,1000076,1000054,317,1,4,1433414891,1433414903,1);
/*!40000 ALTER TABLE `IMGroupChangeMemberNotify` ENABLE KEYS */;
UNLOCK TABLES;

--
-- Table structure for table `IMGroupMember`
--

DROP TABLE IF EXISTS `IMGroupMember`;
/*!40101 SET @saved_cs_client     = @@character_set_client */;
/*!40101 SET character_set_client = utf8 */;
CREATE TABLE `IMGroupMember` (
  `id` int(11) NOT NULL AUTO_INCREMENT,
  `groupId` int(11) unsigned NOT NULL COMMENT '群Id',
  `userId` int(11) unsigned NOT NULL COMMENT '用户id',
  `status` tinyint(4) unsigned NOT NULL DEFAULT '1' COMMENT '是否退出群，0-正常，1-已退出',
  `created` int(11) unsigned NOT NULL DEFAULT '0' COMMENT '创建时间',
  `updated` int(11) unsigned NOT NULL DEFAULT '0' COMMENT '更新时间',
  `title` varchar(256) CHARACTER SET utf8mb4 NOT NULL,
  `nickname` varchar(45) CHARACTER SET utf8mb4 NOT NULL,
  PRIMARY KEY (`id`),
  KEY `idx_groupId_userId_status` (`groupId`,`userId`,`status`),
  KEY `idx_userId_status_updated` (`userId`,`status`,`updated`),
  KEY `idx_groupId_updated` (`groupId`,`updated`)
) ENGINE=InnoDB AUTO_INCREMENT=433 DEFAULT CHARSET=utf8 COMMENT='用户和群的关系表';
/*!40101 SET character_set_client = @saved_cs_client */;

--
-- Dumping data for table `IMGroupMember`
--

LOCK TABLES `IMGroupMember` WRITE;
/*!40000 ALTER TABLE `IMGroupMember` DISABLE KEYS */;
INSERT INTO `IMGroupMember` VALUES (313,254,1000057,0,1433380382,1433380382,'','zz'),(314,255,1000053,0,1433382831,1433382831,'',''),(315,256,1000053,0,1433382844,1433382844,'',''),(316,257,1000057,0,1433383077,1433383077,'',''),(317,258,1000053,0,1433383512,1433383512,'',''),(318,259,1000053,0,1433383515,1433383515,'',''),(319,260,1000053,0,1433383728,1433383728,'',''),(320,261,1000057,0,1433384810,1433384810,'',''),(321,262,1000069,0,1433384998,1433384998,'',''),(322,263,1000069,0,1433385130,1433385130,'',''),(323,262,1000068,0,1433385159,1433385159,'',''),(324,262,1000056,0,1433385238,1433385238,'',''),(325,264,1000069,0,1433385345,1433385345,'',''),(326,264,1000056,0,1433385406,1433385406,'',''),(327,262,1000070,0,1433385604,1433385604,'',''),(328,265,1000069,0,1433385683,1433385683,'',''),(329,266,1000070,0,1433385702,1433385702,'',''),(330,265,1000070,0,1433385815,1433385815,'',''),(331,267,1000067,0,1433386148,1433386148,'',''),(332,268,1000067,0,1433387542,1433387542,'',''),(333,269,1000057,0,1433387555,1433387555,'',''),(334,270,1000057,0,1433387629,1433387629,'',''),(335,267,1000070,0,1433387875,1433387875,'',''),(336,271,1000067,0,1433388097,1433388097,'',''),(337,272,1000067,0,1433388219,1433388219,'',''),(338,273,1000057,0,1433388295,1433388295,'',''),(339,274,1000069,0,1433388364,1433388364,'',''),(340,275,1000069,0,1433388402,1433388402,'',''),(341,276,1000059,0,1433388491,1433388491,'',''),(342,277,1000069,0,1433388500,1433388500,'',''),(343,278,1000067,0,1433389053,1433389053,'',''),(344,279,1000067,0,1433389494,1433389494,'',''),(345,280,1000067,0,1433389684,1433389684,'',''),(346,281,1000067,0,1433389759,1433389759,'',''),(347,282,1000056,0,1433389786,1433389786,'',''),(348,283,1000056,0,1433389803,1433389803,'',''),(349,284,1000056,0,1433389880,1433389880,'',''),(350,275,1000072,0,1433390046,1433390046,'',''),(351,276,1000057,0,1433390971,1433390971,'',''),(352,285,1000069,0,1433391838,1433391838,'','天空'),(353,286,1000069,0,1433392041,1433392041,'',''),(354,262,1000073,0,1433396669,1433396669,'',''),(355,254,1000070,0,1433396740,1433396740,'',''),(356,273,1000059,0,1433396741,1433396741,'',''),(357,273,1000073,0,1433396741,1433396741,'',''),(358,287,1000057,0,1433397380,1433397380,'',''),(359,288,1000069,0,1433397447,1433397447,'',''),(360,289,1000069,0,1433397454,1433397454,'','他了咯'),(361,290,1000057,0,1433397678,1433397678,'',''),(362,291,1000057,0,1433397733,1433397733,'','帮主'),(363,292,1000057,0,1433397790,1433397790,'',''),(364,286,1000059,0,1433398092,1433398092,'',''),(365,293,1000072,0,1433398938,1433398938,'','蒋初'),(366,294,1000057,0,1433399686,1433399686,'',''),(367,295,1000057,0,1433399690,1433399690,'',''),(368,296,1000072,0,1433400011,1433400011,'',''),(369,297,1000072,0,1433400011,1433400011,'',''),(370,298,1000072,0,1433400062,1433400062,'',''),(371,267,1000054,0,1433400148,1433401678,'',''),(372,299,1000072,0,1433400417,1433400417,'',''),(373,300,1000072,0,1433400706,1433400706,'',''),(374,301,1000072,0,1433400706,1433400706,'',''),(375,254,1000073,0,1433400884,1433400884,'',''),(376,273,1000066,0,1433400885,1433400885,'',''),(377,267,1000060,0,1433400976,1433400976,'',''),(378,268,1000054,0,1433401230,1433401230,'',''),(379,275,1000074,0,1433401289,1433401289,'',''),(380,293,1000070,0,1433401301,1433401301,'',''),(381,291,1000072,0,1433401302,1433401302,'',''),(382,293,1000073,0,1433401302,1433401302,'',''),(383,293,1000066,0,1433401303,1433401303,'',''),(384,272,1000054,0,1433401399,1433401399,'',''),(385,273,1000072,0,1433401436,1433401436,'',''),(386,302,1000055,0,1433401517,1433401517,'',''),(387,291,1000073,0,1433401588,1433401588,'',''),(388,291,1000059,0,1433401673,1433401673,'',''),(389,293,1000060,0,1433402512,1433402512,'',''),(390,303,1000055,0,1433402657,1433402657,'',''),(391,285,1000068,1,1433402891,1433411860,'',''),(392,285,1000071,1,1433403017,1433412381,'',''),(393,304,1000069,0,1433406243,1433406243,'',''),(394,305,1000069,0,1433406247,1433406247,'',''),(395,305,1000068,1,1433406370,1433412236,'',''),(396,305,1000071,1,1433406429,1433406429,'',''),(397,289,1000068,0,1433406460,1433406460,'',''),(398,283,1000059,0,1433406961,1433406961,'',''),(399,306,1000076,0,1433406964,1433406964,'',''),(400,254,1000059,0,1433408349,1433408349,'','破破'),(401,284,1000059,0,1433408495,1433408495,'',''),(402,283,1000057,0,1433408543,1433408543,'',''),(403,284,1000057,0,1433408562,1433408562,'',''),(404,283,1000064,0,1433408958,1433408958,'',''),(405,283,1000072,0,1433408964,1433408964,'',''),(406,284,1000064,0,1433408978,1433408978,'',''),(407,284,1000072,0,1433408978,1433408978,'',''),(408,289,1000064,0,1433409020,1433409020,'',''),(409,283,1000083,0,1433409256,1433409256,'',''),(410,307,1000072,0,1433411334,1433411334,'',''),(411,283,1000082,0,1433411399,1433411399,'',''),(412,284,1000082,0,1433411414,1433411414,'',''),(413,308,1000066,0,1433411663,1433411663,'','宸伊'),(414,309,1000066,0,1433411663,1433411663,'',''),(415,310,1000066,0,1433411664,1433411664,'',''),(416,307,1000059,0,1433411761,1433411761,'',''),(417,311,1000069,0,1433412579,1433412579,'',''),(418,311,1000068,0,1433412646,1433412646,'',''),(419,312,1000068,0,1433412715,1433412715,'',''),(420,312,1000069,0,1433412769,1433412769,'',''),(421,313,1000054,0,1433412856,1433412856,'',''),(422,313,1000068,0,1433412912,1433412912,'',''),(423,314,1000074,0,1433413149,1433413149,'',''),(424,315,1000054,0,1433413584,1433413584,'',''),(425,306,1000068,0,1433413669,1433413669,'',''),(426,315,1000068,0,1433413681,1433413681,'',''),(427,315,1000069,0,1433413685,1433413685,'',''),(428,316,1000054,0,1433414267,1433414267,'',''),(429,316,1000068,0,1433414302,1433414302,'',''),(430,317,1000054,0,1433414422,1433414422,'',''),(431,318,1000054,0,1433414454,1433414454,'',''),(432,317,1000076,0,1433414903,1433414903,'','');
/*!40000 ALTER TABLE `IMGroupMember` ENABLE KEYS */;
UNLOCK TABLES;

--
-- Table structure for table `IMGroupMessage_0`
--

DROP TABLE IF EXISTS `IMGroupMessage_0`;
/*!40101 SET @saved_cs_client     = @@character_set_client */;
/*!40101 SET character_set_client = utf8 */;
CREATE TABLE `IMGroupMessage_0` (
  `id` int(11) NOT NULL AUTO_INCREMENT,
  `groupId` int(11) unsigned NOT NULL COMMENT '用户的关系id',
  `userId` int(11) unsigned NOT NULL COMMENT '发送用户的id',
  `msgId` int(11) unsigned NOT NULL COMMENT '消息ID',
  `content` varchar(4096) COLLATE utf8mb4_bin NOT NULL DEFAULT '' COMMENT '消息内容',
  `type` tinyint(3) unsigned NOT NULL DEFAULT '2' COMMENT '群消息类型,101为群语音,2为文本',
  `status` int(11) unsigned NOT NULL DEFAULT '0' COMMENT '消息状态',
  `updated` int(11) unsigned NOT NULL DEFAULT '0' COMMENT '更新时间',
  `created` int(11) unsigned NOT NULL DEFAULT '0' COMMENT '创建时间',
  PRIMARY KEY (`id`),
  KEY `idx_groupId_status_created` (`groupId`,`status`,`created`),
  KEY `idx_groupId_msgId_status_created` (`groupId`,`msgId`,`status`,`created`)
) ENGINE=InnoDB AUTO_INCREMENT=151 DEFAULT CHARSET=utf8mb4 COLLATE=utf8mb4_bin COMMENT='IM群消息表';
/*!40101 SET character_set_client = @saved_cs_client */;

--
-- Dumping data for table `IMGroupMessage_0`
--

LOCK TABLES `IMGroupMessage_0` WRITE;
/*!40000 ALTER TABLE `IMGroupMessage_0` DISABLE KEYS */;
INSERT INTO `IMGroupMessage_0` VALUES (141,264,1000056,1,'LvTNx1z+pazT9YRWB1CxljbHMBZ6d/TtHR18N9VuT2b1EV+nWkCfDab/sNuUCZRf',17,0,1433385406,1433385406),(142,264,1000056,2,'u7dGzrW3/qsd4MkbQuY5llKrlglG9zVplyc4fptRiNo=',17,0,1433385446,1433385446),(143,264,1000056,3,'kHvtCKUvLU5bADfTSZQuqZmhSag4S2wF6uIC2HlMq3H1EV+nWkCfDab/sNuUCZRf',17,0,1433385455,1433385455),(144,264,1000056,4,'l0baDm8nVk0bFAWgtFdUHw==',17,0,1433385563,1433385563),(145,296,1000072,1,'GCQQTuhxRR9+JWKauCQqSg==',17,0,1433400028,1433400028),(146,272,1000067,1,'IBwB+wUFf46JdpKI/3+l0t1cAZd9kMLhfjcFJpZHEcI=',17,0,1433401410,1433401410),(147,272,1000054,2,'/0Ae+zmfyCQq0VV7USR0iFzIdZRUsFN9eOwYZegap80=',17,0,1433401418,1433401418),(148,272,1000054,3,'rQsfxH8Uo4FJYBkk+TN96W9CKq83F6YcSn5nHjmhM8Y=',17,0,1433412078,1433412078),(149,272,1000054,4,'OaN0WbzOapUhnxM+q5d6Lw==',17,0,1433412080,1433412080),(150,272,1000054,5,'823so71t/fXorhiERwEQ2g==',17,0,1433412405,1433412405);
/*!40000 ALTER TABLE `IMGroupMessage_0` ENABLE KEYS */;
UNLOCK TABLES;

--
-- Table structure for table `IMGroupMessage_1`
--

DROP TABLE IF EXISTS `IMGroupMessage_1`;
/*!40101 SET @saved_cs_client     = @@character_set_client */;
/*!40101 SET character_set_client = utf8 */;
CREATE TABLE `IMGroupMessage_1` (
  `id` int(11) NOT NULL AUTO_INCREMENT,
  `groupId` int(11) unsigned NOT NULL COMMENT '用户的关系id',
  `userId` int(11) unsigned NOT NULL COMMENT '发送用户的id',
  `msgId` int(11) unsigned NOT NULL COMMENT '消息ID',
  `content` varchar(4096) COLLATE utf8mb4_bin NOT NULL DEFAULT '' COMMENT '消息内容',
  `type` tinyint(3) unsigned NOT NULL DEFAULT '2' COMMENT '群消息类型,101为群语音,2为文本',
  `status` int(11) unsigned NOT NULL DEFAULT '0' COMMENT '消息状态',
  `updated` int(11) unsigned NOT NULL DEFAULT '0' COMMENT '更新时间',
  `created` int(11) unsigned NOT NULL DEFAULT '0' COMMENT '创建时间',
  PRIMARY KEY (`id`),
  KEY `idx_groupId_status_created` (`groupId`,`status`,`created`),
  KEY `idx_groupId_msgId_status_created` (`groupId`,`msgId`,`status`,`created`)
) ENGINE=InnoDB AUTO_INCREMENT=151 DEFAULT CHARSET=utf8mb4 COLLATE=utf8mb4_bin COMMENT='IM群消息表';
/*!40101 SET character_set_client = @saved_cs_client */;

--
-- Dumping data for table `IMGroupMessage_1`
--

LOCK TABLES `IMGroupMessage_1` WRITE;
/*!40000 ALTER TABLE `IMGroupMessage_1` DISABLE KEYS */;
INSERT INTO `IMGroupMessage_1` VALUES (126,273,1000057,1,'7MvG7XYq+LOtRGlbcjD4/Q==',17,0,1433396325,1433396325),(127,273,1000073,2,'S9RYzKQCtK4JiqK9YfY1RQ==',17,0,1433396900,1433396900),(128,273,1000073,3,'3JaACslHN8phxGRIPsV1AQ==',17,0,1433396924,1433396924),(129,273,1000057,4,'y9zJzOSKsOHa8oK36vWE+A==',17,0,1433396944,1433396944),(130,273,1000073,5,'dgjzZcuwYVvgiMtBlzoa8QBuHrDUhN55uFCr16AkcUJhau5dXArQW6hU9z1tS4gOQBs46aW45/3tSTSlIowwjY9X8FjTIJ2KSpQ36weBi+YQCQ+8OmkpMJ7igw3npWKu',17,0,1433397107,1433397107),(131,273,1000057,6,'QR9gbco3jLaSthYCXsU32A==',17,0,1433397129,1433397129),(132,273,1000073,7,'72Rp5Enetno9771mo/AoYQ==',17,0,1433397138,1433397138),(133,273,1000073,8,'cTebk6TXRUwVq2FsXXpPhQfU6OB7fpsvZh6GP3dYB9g=',17,0,1433397148,1433397148),(134,273,1000073,9,'wf3g6IHyn8awQDxHBo3wEFzIdZRUsFN9eOwYZegap80=',17,0,1433397475,1433397475),(135,289,1000069,1,'jWP9PQ4gjQaxCIbsqy8bfw==',17,0,1433397800,1433397800),(136,265,1000070,1,'UeI9XJ7qGqiQiDirr4T+Kw==',17,0,1433397812,1433397812),(137,265,1000070,2,'uDuYC1EiCz556Kyjyvh/kDXX6J5s6Fsq7MN4rsLe4cE=',17,0,1433397819,1433397819),(138,273,1000057,10,'gg6zvGGF42JeU1OqzPTG+Q==',17,0,1433397887,1433397887),(139,273,1000057,11,'xr2j2RkWdBHvdTrXILtmmg==',17,0,1433398732,1433398732),(140,273,1000057,12,'JONxWI4/uot6DvkO14+WqA==',17,0,1433399488,1433399488),(141,273,1000057,13,'esSoYt6gUlev3VlxlDqIpQ==',17,0,1433399521,1433399521),(142,273,1000066,14,'CGt2TYDRcNhFjrY6ZdS8pA==',17,0,1433400947,1433400947),(143,273,1000066,15,'ayaS2yOYnXRsuzZUpZYzHw==',17,0,1433401089,1433401089),(144,273,1000059,16,'EvK9+m3SdsJDmlS0tjBHIQ==',17,0,1433402535,1433402535),(145,273,1000059,17,'Msbvii/Ash4BfFBByfhmog==',17,0,1433406165,1433406165),(146,289,1000064,2,'wR3K74op6PevjBs3yDunlwr+GZ43+2mMfQMFqTsGBjY=',17,0,1433409872,1433409872),(147,313,1000068,1,'SuHDbfYetK/fKvoEvwA4oA==',17,0,1433412965,1433412965),(148,313,1000054,2,'JTfNAKxKqZr4uIH6VpW2pw==',17,0,1433413289,1433413289),(149,313,1000054,3,'jBw5R7hcnDbM+KDhm8/1dQ==',17,0,1433413292,1433413292),(150,313,1000054,4,'ueuCnXpkM5K0SVB4LwJJyw==',17,0,1433413310,1433413310);
/*!40000 ALTER TABLE `IMGroupMessage_1` ENABLE KEYS */;
UNLOCK TABLES;

--
-- Table structure for table `IMGroupMessage_2`
--

DROP TABLE IF EXISTS `IMGroupMessage_2`;
/*!40101 SET @saved_cs_client     = @@character_set_client */;
/*!40101 SET character_set_client = utf8 */;
CREATE TABLE `IMGroupMessage_2` (
  `id` int(11) NOT NULL AUTO_INCREMENT,
  `groupId` int(11) unsigned NOT NULL COMMENT '用户的关系id',
  `userId` int(11) unsigned NOT NULL COMMENT '发送用户的id',
  `msgId` int(11) unsigned NOT NULL COMMENT '消息ID',
  `content` varchar(4096) COLLATE utf8mb4_bin NOT NULL DEFAULT '' COMMENT '消息内容',
  `type` tinyint(3) unsigned NOT NULL DEFAULT '2' COMMENT '群消息类型,101为群语音,2为文本',
  `status` int(11) unsigned NOT NULL DEFAULT '0' COMMENT '消息状态',
  `updated` int(11) unsigned NOT NULL DEFAULT '0' COMMENT '更新时间',
  `created` int(11) unsigned NOT NULL DEFAULT '0' COMMENT '创建时间',
  PRIMARY KEY (`id`),
  KEY `idx_groupId_status_created` (`groupId`,`status`,`created`),
  KEY `idx_groupId_msgId_status_created` (`groupId`,`msgId`,`status`,`created`)
) ENGINE=InnoDB AUTO_INCREMENT=226 DEFAULT CHARSET=utf8mb4 COLLATE=utf8mb4_bin COMMENT='IM群消息表';
/*!40101 SET character_set_client = @saved_cs_client */;

--
-- Dumping data for table `IMGroupMessage_2`
--

LOCK TABLES `IMGroupMessage_2` WRITE;
/*!40000 ALTER TABLE `IMGroupMessage_2` DISABLE KEYS */;
INSERT INTO `IMGroupMessage_2` VALUES (222,266,1000070,1,'5maXY+6rf7c74gGtBvmnDw==',17,0,1433385707,1433385707),(223,266,1000070,2,'BndnZ7t9V7+jM098J0afLg==',17,0,1433386081,1433386081),(224,266,1000070,3,'9DaQIj7bNYvUSHSMBARrxQ==',17,0,1433386084,1433386084),(225,290,1000057,1,'lFS7VDdlywL813X4/W/CGg==',17,0,1433398744,1433398744);
/*!40000 ALTER TABLE `IMGroupMessage_2` ENABLE KEYS */;
UNLOCK TABLES;

--
-- Table structure for table `IMGroupMessage_3`
--

DROP TABLE IF EXISTS `IMGroupMessage_3`;
/*!40101 SET @saved_cs_client     = @@character_set_client */;
/*!40101 SET character_set_client = utf8 */;
CREATE TABLE `IMGroupMessage_3` (
  `id` int(11) NOT NULL AUTO_INCREMENT,
  `groupId` int(11) unsigned NOT NULL COMMENT '用户的关系id',
  `userId` int(11) unsigned NOT NULL COMMENT '发送用户的id',
  `msgId` int(11) unsigned NOT NULL COMMENT '消息ID',
  `content` varchar(4096) COLLATE utf8mb4_bin NOT NULL DEFAULT '' COMMENT '消息内容',
  `type` tinyint(3) unsigned NOT NULL DEFAULT '2' COMMENT '群消息类型,101为群语音,2为文本',
  `status` int(11) unsigned NOT NULL DEFAULT '0' COMMENT '消息状态',
  `updated` int(11) unsigned NOT NULL DEFAULT '0' COMMENT '更新时间',
  `created` int(11) unsigned NOT NULL DEFAULT '0' COMMENT '创建时间',
  PRIMARY KEY (`id`),
  KEY `idx_groupId_status_created` (`groupId`,`status`,`created`),
  KEY `idx_groupId_msgId_status_created` (`groupId`,`msgId`,`status`,`created`)
) ENGINE=InnoDB AUTO_INCREMENT=91 DEFAULT CHARSET=utf8mb4 COLLATE=utf8mb4_bin COMMENT='IM群消息表';
/*!40101 SET character_set_client = @saved_cs_client */;

--
-- Dumping data for table `IMGroupMessage_3`
--

LOCK TABLES `IMGroupMessage_3` WRITE;
/*!40000 ALTER TABLE `IMGroupMessage_3` DISABLE KEYS */;
INSERT INTO `IMGroupMessage_3` VALUES (46,267,1000067,1,'ZYp7iCG2oTl6EwyXoIrGKOO+K1NHJcdbvJtLJHFhYbE=',17,0,1433386870,1433386870),(47,267,1000070,2,'bgcmw1Q3LeZQs/e2lNUTxKJqYvGWRtIIlphsCXMgM5H1EV+nWkCfDab/sNuUCZRf',17,0,1433387875,1433387875),(48,267,1000070,3,'TAJcPsfVH5gO1LtbrWYjHA==',17,0,1433387886,1433387886),(49,267,1000067,4,'TehmX+dLO8UNB4TZckffJg==',17,0,1433387898,1433387898),(50,267,1000070,5,'TAJcPsfVH5gO1LtbrWYjHA==',17,0,1433388155,1433388155),(51,291,1000057,1,'c81UIl76jCsKAjKjk0Lt2Q==',17,0,1433398997,1433398997),(52,291,1000057,2,'GCQQTuhxRR9+JWKauCQqSg==',17,0,1433400066,1433400066),(53,267,1000060,6,'iGklLYklZmNf1+geiRYbfQ==',17,0,1433401185,1433401185),(54,275,1000074,1,'MflHsHdNI38w8qb+5bAa0bCNbDUa5CJFxrMsG+zkJ40=',17,0,1433401316,1433401316),(55,291,1000057,3,'xZRuryua/KcS6wvQC70f1xwBzaafTzGIAnOMjfum+zr1EV+nWkCfDab/sNuUCZRf',17,0,1433401328,1433401328),(56,291,1000072,4,'iGklLYklZmNf1+geiRYbfQ==',17,0,1433401345,1433401345),(57,275,1000072,2,'iGklLYklZmNf1+geiRYbfQ==',17,0,1433401351,1433401351),(58,275,1000074,3,'lnvYReN2iB/pxRZbyNT2DXA/1nuNwwSS+7XiyW247z8=',17,0,1433401364,1433401364),(59,275,1000074,4,'oijYZyG97EYbQX060JXXNsAJzMpKYhpKk6zIi+PMtTk=',17,0,1433401376,1433401376),(60,275,1000072,5,'hKCHwcAbe2nyknxvoQdJw+kUHlgHaJpZ+wHFBxEhMHs=',17,0,1433401404,1433401404),(61,291,1000059,5,'/bQZyq3qsmwQ5Wg9m1MoxXyV267D94bmL/+cDXXqn7w=',17,0,1433401673,1433401673),(62,267,1000054,7,'RG5i2a0SK8gI1DrcDoQVky1Rl/41xrHv6D9TysYENiXToxgQA29UJNA79nB275OA',17,0,1433401678,1433401678),(63,291,1000059,6,'PMAaAWot6At7+Fy0aPQjyg==',17,0,1433401688,1433401688),(64,291,1000059,7,'QuctrjxzdLmpWyHTSwby7g==',17,0,1433401698,1433401698),(65,291,1000057,8,'3i0S+ebzAFIyDAsGJryfMg==',17,0,1433401779,1433401779),(66,291,1000059,9,'gWauLSzRBX/BGm33RzHLZg==',17,0,1433401784,1433401784),(67,291,1000059,10,'nojpYky+dhrd8/mQmsMLVw==',17,0,1433401809,1433401809),(68,291,1000059,11,'Msbvii/Ash4BfFBByfhmog==',17,0,1433401858,1433401858),(69,291,1000057,12,'pwVOKqyav7gU3zfvmh6HXg==',17,0,1433402553,1433402553),(70,291,1000057,13,'6RyCKzZPQX6EH2p2qK49/Q==',17,0,1433402593,1433402593),(71,291,1000057,14,'1g6ZmUdMSroKOzfAT7R6klzIdZRUsFN9eOwYZegap80=',17,0,1433402732,1433402732),(72,283,1000056,1,'21HBkx7DGvJc/SZU5y2U2qOU9f0c7XmiCKQarBMUzdA=',17,0,1433407046,1433407046),(73,283,1000059,2,'hqe6Epfm2OxBF+X1LkyeRw==',17,0,1433407074,1433407074),(74,283,1000059,3,'/bQZyq3qsmwQ5Wg9m1MoxXyV267D94bmL/+cDXXqn7w=',17,0,1433410509,1433410509),(75,307,1000072,1,'dgjzZcuwYVvgiMtBlzoa8QBuHrDUhN55uFCr16AkcUJhau5dXArQW6hU9z1tS4gOZCsUty0+5asjhaEMHY/vmo9X8FjTIJ2KSpQ36weBi+YQCQ+8OmkpMJ7igw3npWKu',17,0,1433411433,1433411433),(76,307,1000072,2,'dgjzZcuwYVvgiMtBlzoa8QBuHrDUhN55uFCr16AkcUJhau5dXArQW6hU9z1tS4gOADiW7Q2PbK5eLc6be/+KY49X8FjTIJ2KSpQ36weBi+YQCQ+8OmkpMJ7igw3npWKu',17,0,1433411437,1433411437),(77,307,1000072,3,'dgjzZcuwYVvgiMtBlzoa8QBuHrDUhN55uFCr16AkcUJhau5dXArQW6hU9z1tS4gOLs5gWD0NeANHtjO4fgBeTY9X8FjTIJ2KSpQ36weBi+YQCQ+8OmkpMJ7igw3npWKu',17,0,1433411441,1433411441),(78,307,1000072,4,'B+HuUVixIt9S2wq8XgAH9A==',17,0,1433411510,1433411510),(79,307,1000072,5,'+jor1yfGfbfgJP/WzwIJiA==',17,0,1433411513,1433411513),(80,307,1000072,6,'kZzcyyewYZ9bqPUyEZa20g==',17,0,1433411514,1433411514),(81,307,1000072,7,'5KqzQOvpMahevhraRjo5hg==',17,0,1433411772,1433411772),(82,307,1000072,8,'B+w1Y7/g0tUymia4pWfBRg==',17,0,1433411774,1433411774),(83,307,1000072,9,'c25U4xhFMEm9+D7hSAbzoQ==',17,0,1433411775,1433411775),(84,307,1000072,10,'YMhfonWIcq7TLAv+wPWa6A==',17,0,1433411779,1433411779),(85,307,1000072,11,'sYDnV7DRYOQDvvSpJRKgtA==',17,0,1433411782,1433411782),(86,307,1000072,12,'muRxbdEuMCWYmeC0a1H0Tw==',17,0,1433411784,1433411784),(87,307,1000072,13,'c25U4xhFMEm9+D7hSAbzoQ==',17,0,1433411785,1433411785),(88,307,1000072,14,'v4nUP5HHoXUWyK0NsiGVww==',17,0,1433411789,1433411789),(89,307,1000072,15,'GCQQTuhxRR9+JWKauCQqSg==',17,0,1433411791,1433411791),(90,275,1000074,6,'C7fKabBkh9HTUtFb2axghA==',17,0,1433412500,1433412500);
/*!40000 ALTER TABLE `IMGroupMessage_3` ENABLE KEYS */;
UNLOCK TABLES;

--
-- Table structure for table `IMGroupMessage_4`
--

DROP TABLE IF EXISTS `IMGroupMessage_4`;
/*!40101 SET @saved_cs_client     = @@character_set_client */;
/*!40101 SET character_set_client = utf8 */;
CREATE TABLE `IMGroupMessage_4` (
  `id` int(11) NOT NULL AUTO_INCREMENT,
  `groupId` int(11) unsigned NOT NULL COMMENT '用户的关系id',
  `userId` int(11) unsigned NOT NULL COMMENT '发送用户的id',
  `msgId` int(11) unsigned NOT NULL COMMENT '消息ID',
  `content` varchar(4096) COLLATE utf8mb4_bin NOT NULL DEFAULT '' COMMENT '消息内容',
  `type` tinyint(3) unsigned NOT NULL DEFAULT '2' COMMENT '群消息类型,101为群语音,2为文本',
  `status` int(11) unsigned NOT NULL DEFAULT '0' COMMENT '消息状态',
  `updated` int(11) unsigned NOT NULL DEFAULT '0' COMMENT '更新时间',
  `created` int(11) unsigned NOT NULL DEFAULT '0' COMMENT '创建时间',
  PRIMARY KEY (`id`),
  KEY `idx_groupId_status_created` (`groupId`,`status`,`created`),
  KEY `idx_groupId_msgId_status_created` (`groupId`,`msgId`,`status`,`created`)
) ENGINE=InnoDB AUTO_INCREMENT=208 DEFAULT CHARSET=utf8mb4 COLLATE=utf8mb4_bin COMMENT='IM群消息表';
/*!40101 SET character_set_client = @saved_cs_client */;

--
-- Dumping data for table `IMGroupMessage_4`
--

LOCK TABLES `IMGroupMessage_4` WRITE;
/*!40000 ALTER TABLE `IMGroupMessage_4` DISABLE KEYS */;
INSERT INTO `IMGroupMessage_4` VALUES (77,276,1000059,1,'bgcmw1Q3LeZQs/e2lNUTxHyV267D94bmL/+cDXXqn7w=',17,0,1433397355,1433397355),(78,300,1000072,1,'xxYrOGr3MkUagk8GC+zfxwr+GZ43+2mMfQMFqTsGBjY=',17,0,1433400760,1433400760),(79,268,1000067,1,'9taA9VtGU07ktP1u5Ku7QQ==',17,0,1433401371,1433401371),(80,268,1000054,2,'aPFh5x4f5mOc48kwmoBXeA==',17,0,1433401377,1433401377),(81,284,1000056,1,'Uhm3AiCRmDyGiNedh7Ag2g==',17,0,1433406657,1433406657),(82,292,1000057,1,'XqAJM41Z6ggjXODkiQUVQg==',17,0,1433408119,1433408119),(83,284,1000056,2,'8CR2tuRtVbsONZ625e8Me1BNfziw6RZ+VWt/R/DIEzQ=',17,0,1433408487,1433408487),(84,284,1000056,3,'hDvyDUndU6XDDlAenfFxMbgyBkGnKBPqmK9VbDuUDGM=',17,0,1433408518,1433408518),(85,284,1000059,4,'kj0LZzOGFt7hSMjUYG6OwjQ2dftpL7dthi6AMIbVtlC1eDkgI6EYa5voUlvj6UISNz30xOaKDFBEmtwBbDCIOqooYHGJMecq5+/ZzQ0pwHv3gy558vXOjkrEzRE2Mft6',17,0,1433408558,1433408558),(86,284,1000059,5,'kj06ZeOots24OIlXDsPw1A==',17,0,1433408580,1433408580),(87,284,1000059,6,'7GvyjB3z7iw1+J5Jdul8eg==',17,0,1433408584,1433408584),(88,284,1000059,7,'FOiYOhlmnWVeKUfbCzv1cQ==',17,0,1433408587,1433408587),(89,284,1000059,8,'lKs5IGilCeXtRLsDcY1w1Q==',17,0,1433408590,1433408590),(90,284,1000059,9,'EbEDpT1xvLPGTTc+5LO+XQ==',17,0,1433408593,1433408593),(91,284,1000059,10,'TGSsx1Xw+YDNCq2kAXGUGgfU6OB7fpsvZh6GP3dYB9g=',17,0,1433408599,1433408599),(92,284,1000057,11,'j/jSUIDWzBkqxu+F86NVtF+Ojt22CHHnYTUx6CJ/lJqBFUxSWagExLC4JCExU1PS',17,0,1433408603,1433408603),(93,284,1000059,12,'OsyHkPaj9Aq6CnWEDfCy+Q==',17,0,1433408677,1433408677),(94,284,1000059,13,'sVe3DY0gpTOZiFAA0Qpafg==',17,0,1433408684,1433408684),(95,284,1000057,14,'Om32kQBq3YvOdhKyeVLT0Q==',17,0,1433408821,1433408821),(96,284,1000059,15,'kjYFpMSviqFFIeKXWUgdRw==',17,0,1433408975,1433408975),(97,284,1000056,16,'Ej8/xARn0WqeU36M5kWsMZAc+EFTze+Nx9i9SWB2iF8=',17,0,1433408987,1433408987),(98,284,1000059,17,'3TSt/7+7KfxBmB7MiOrS3A==',17,0,1433409033,1433409033),(99,284,1000056,18,'dgjzZcuwYVvgiMtBlzoa8fshuQnHG1yXWhR5YC41SFBe2eAnX52+LaGrjQrTBl8q7OOtcz9/U/YFj6ymvjKYPTSj1QFflfRzjALhmW4RZS4QCQ+8OmkpMJ7igw3npWKu',17,0,1433409047,1433409047),(100,284,1000059,19,'dgjzZcuwYVvgiMtBlzoa8fshuQnHG1yXWhR5YC41SFBe2eAnX52+LaGrjQrTBl8q6qtvHdXo9RPwCPwNuvV0bKMmoN5u3F8ViPOalQqpX1y+rpNYm3kYEVB4IARBj8rW',17,0,1433409051,1433409051),(101,284,1000059,20,'p96o4ZOwns4jf8x+sAdqSA==',17,0,1433409058,1433409058),(102,284,1000057,21,'dgjzZcuwYVvgiMtBlzoa8QBuHrDUhN55uFCr16AkcUJhau5dXArQW6hU9z1tS4gOld/q5S9scQhtHCGza5Udc42tvQtnNJn2ZAu5uHT8EbhyeGewx+Md3nFV3I3EMHjM',17,0,1433409064,1433409064),(103,284,1000057,22,'dgjzZcuwYVvgiMtBlzoa8QBuHrDUhN55uFCr16AkcUJhau5dXArQW6hU9z1tS4gODgREiBxYn9u4qJPjX9kpX42tvQtnNJn2ZAu5uHT8EbhyeGewx+Md3nFV3I3EMHjM',17,0,1433409070,1433409070),(104,284,1000056,23,'PC5/9lOY0FHcMw+R5xULOUZ9JFWTqqYscWSbsvA88OQ=',17,0,1433409076,1433409076),(105,284,1000064,24,'5R0NNtF/QdTsjkHIFKGQcg==',17,0,1433409078,1433409078),(106,284,1000059,25,'TJFi6ARY3+SbMHN+Gdwrrw==',17,0,1433409081,1433409081),(107,284,1000056,26,'dgjzZcuwYVvgiMtBlzoa8fshuQnHG1yXWhR5YC41SFBe2eAnX52+LaGrjQrTBl8qWJ+xUjAOHTkalV/Di6jWger0svfU36qINolQQcne+XYQCQ+8OmkpMJ7igw3npWKu',17,0,1433409087,1433409087),(108,284,1000057,27,'XjVll0u08gTQHE5H2stZ3w==',17,0,1433409090,1433409090),(109,284,1000057,28,'dgjzZcuwYVvgiMtBlzoa8QBuHrDUhN55uFCr16AkcUJhau5dXArQW6hU9z1tS4gOu4xfAaYbG9RZIWZ5ZzSdFI2tvQtnNJn2ZAu5uHT8EbhyeGewx+Md3nFV3I3EMHjM',17,0,1433409090,1433409090),(110,284,1000072,29,'6Y5GTRKjIe2oqXZDZC48619lFYk16bvYW8ueGLSf92A=',17,0,1433409091,1433409091),(111,284,1000059,30,'dgjzZcuwYVvgiMtBlzoa8fshuQnHG1yXWhR5YC41SFBe2eAnX52+LaGrjQrTBl8qGWdgGxR40eIGl6kvQwCpDbjaKi8Hx22qh+JkD8As0Lq+rpNYm3kYEVB4IARBj8rW',17,0,1433409095,1433409095),(112,284,1000057,31,'DwkAnbrrBGv9USBZXFsBxw==',17,0,1433409096,1433409096),(113,284,1000059,32,'dgjzZcuwYVvgiMtBlzoa8fshuQnHG1yXWhR5YC41SFBe2eAnX52+LaGrjQrTBl8qUSuLbNF3Yvn+kFqPRCQKR7Lh43KZippm5xWPFHeUH50QCQ+8OmkpMJ7igw3npWKu',17,0,1433409103,1433409103),(114,284,1000059,33,'FsFk2//mHGmGDhax2PO40g==',17,0,1433409106,1433409106),(115,284,1000064,34,'j6GG3JGmaToZSWtlntvrH0pL5UlOoE23Xq/YP8gUOQ0=',17,0,1433409109,1433409109),(116,284,1000064,35,'dgjzZcuwYVvgiMtBlzoa8fshuQnHG1yXWhR5YC41SFBe2eAnX52+LaGrjQrTBl8qJAuNbOq7ng8MH85l/qVgbi3Kgo48ANiyOt5bxIVOG/oQCQ+8OmkpMJ7igw3npWKu',17,0,1433409110,1433409110),(117,284,1000064,36,'nv100vyBIrWxR5hSoMSGtq987g11bsE03UsNLEfCNcg=',17,0,1433409116,1433409116),(118,284,1000059,37,'ijrMUBjpIaPH+ud69MgXZA==',17,0,1433409116,1433409116),(119,284,1000057,38,'dgjzZcuwYVvgiMtBlzoa8QBuHrDUhN55uFCr16AkcUJhau5dXArQW6hU9z1tS4gOM2RfWqSnTIt8ZQWrpXTa342tvQtnNJn2ZAu5uHT8EbhyeGewx+Md3nFV3I3EMHjM',17,0,1433409116,1433409116),(120,284,1000072,39,'dgjzZcuwYVvgiMtBlzoa8QBuHrDUhN55uFCr16AkcUJhau5dXArQW6hU9z1tS4gOnGSIEFPOd3I+V5AqQHnydY9X8FjTIJ2KSpQ36weBi+YQCQ+8OmkpMJ7igw3npWKu',17,0,1433409124,1433409124),(121,284,1000064,40,'WUbHI8TljcqytJmW5oCx8esQvBAYgkbbEICcVAble68=',17,0,1433409125,1433409125),(122,284,1000059,41,'W+U2gq24DkfF84sd0gyZdA==',17,0,1433409125,1433409125),(123,284,1000072,42,'dgjzZcuwYVvgiMtBlzoa8QBuHrDUhN55uFCr16AkcUJhau5dXArQW6hU9z1tS4gOVKhZ42mTWRhf4eo3UVi1PI9X8FjTIJ2KSpQ36weBi+YQCQ+8OmkpMJ7igw3npWKu',17,0,1433409129,1433409129),(124,284,1000057,43,'dgjzZcuwYVvgiMtBlzoa8QBuHrDUhN55uFCr16AkcUJhau5dXArQW6hU9z1tS4gO04vKdYnAnY0kMfaQFFHx7I2tvQtnNJn2ZAu5uHT8EbhyeGewx+Md3nFV3I3EMHjM',17,0,1433409131,1433409131),(125,284,1000059,44,'SGW5h13brwI/kDr5/NT66g==',17,0,1433409131,1433409131),(126,284,1000059,45,'VgwA40gGydbUYTIaPikQ9w==',17,0,1433409139,1433409139),(127,284,1000072,46,'dgjzZcuwYVvgiMtBlzoa8QBuHrDUhN55uFCr16AkcUJhau5dXArQW6hU9z1tS4gOpA7PU19e+XQcP/fs+GLdKI9X8FjTIJ2KSpQ36weBi+YQCQ+8OmkpMJ7igw3npWKu',17,0,1433409139,1433409139),(128,284,1000064,47,'i+u1AeM+9OwwggWf3XKGvA==',17,0,1433409144,1433409144),(129,284,1000057,48,'dgjzZcuwYVvgiMtBlzoa8QBuHrDUhN55uFCr16AkcUJhau5dXArQW6hU9z1tS4gOGjAgV6zmkYO19qTjwReO1I2tvQtnNJn2ZAu5uHT8EbhyeGewx+Md3nFV3I3EMHjM',17,0,1433409145,1433409145),(130,284,1000057,49,'dgjzZcuwYVvgiMtBlzoa8QBuHrDUhN55uFCr16AkcUJhau5dXArQW6hU9z1tS4gO9N1Nzw1bP3w0KqqPzZC/bI2tvQtnNJn2ZAu5uHT8EbhyeGewx+Md3nFV3I3EMHjM',17,0,1433409150,1433409150),(131,284,1000064,50,'Y8oz65wPRAFln0PVZkiQd0pL5UlOoE23Xq/YP8gUOQ0=',17,0,1433409150,1433409150),(132,284,1000057,51,'Po6tcNpIMQCsyrKc+DFaIA==',17,0,1433409152,1433409152),(133,284,1000059,52,'V8J8uaXcBNK9tUcDyRXVbw==',17,0,1433409189,1433409189),(134,284,1000064,53,'8vdCQ6Ym6+9k0hGO5R0wuA==',17,0,1433409199,1433409199),(135,284,1000072,54,'ZwLEo/MtL9wGEO0cr2qpgg==',17,0,1433409221,1433409221),(136,284,1000072,55,'TZuNNhdXS/mpNLaQGV5IZw==',17,0,1433409227,1433409227),(137,284,1000056,56,'Jmsk7Ks5XTtBWAwpqB0o+AowplhYtnHADIgfGmZk3Qo=',17,0,1433409236,1433409236),(138,284,1000072,57,'TnCjXj4Vu3q09ILIunhycv3hxPyAlV99+iT0Qvg/mRA=',17,0,1433409244,1433409244),(139,284,1000057,58,'Po6tcNpIMQCsyrKc+DFaIA==',17,0,1433409260,1433409260),(140,284,1000072,59,'dgjzZcuwYVvgiMtBlzoa8QBuHrDUhN55uFCr16AkcUJhau5dXArQW6hU9z1tS4gOx1iyOIHZ8/IbfrMwODzZGo2tvQtnNJn2ZAu5uHT8EbhyeGewx+Md3nFV3I3EMHjM',17,0,1433409265,1433409265),(141,284,1000057,60,'ntrdmjF1icgnCC8djAuq9mFDsobekUyGtYzMsOInh48=',17,0,1433409266,1433409266),(142,284,1000072,61,'dgjzZcuwYVvgiMtBlzoa8QBuHrDUhN55uFCr16AkcUJhau5dXArQW6hU9z1tS4gOmQZe/z/YCKoGttRfmxbSQ42tvQtnNJn2ZAu5uHT8EbhyeGewx+Md3nFV3I3EMHjM',17,0,1433409267,1433409267),(143,284,1000072,62,'dgjzZcuwYVvgiMtBlzoa8QBuHrDUhN55uFCr16AkcUJhau5dXArQW6hU9z1tS4gO6+pYyxM69/QOoNy21BLggY2tvQtnNJn2ZAu5uHT8EbhyeGewx+Md3nFV3I3EMHjM',17,0,1433409269,1433409269),(144,284,1000072,63,'saElFL66Af9Yd7TE6ZPhcQ==',17,0,1433409306,1433409306),(145,284,1000057,64,'qpUW8khdRwo4ZR6ynFhpYg==',17,0,1433409306,1433409306),(146,284,1000072,65,'xTae0TRyghRmvORSpS7eQQ==',17,0,1433409309,1433409309),(147,284,1000059,66,'mP3x9UXaX/+n9z6bVaoCq4q1qhLP9VLUQ+WYUnZ8UJU=',17,0,1433409313,1433409313),(148,284,1000064,67,'FGuD7DvKAWUHO/GyN62YCqEkSXTlxeHq5lMBDx7wSHU=',17,0,1433409314,1433409314),(149,284,1000056,68,'wGSQ9cUzKySXBtkenP2IOMlBCmayO1MJsE0P9hR6pJo=',17,0,1433409373,1433409373),(150,284,1000072,69,'ic2D8g4DGC8V7/ZsqBCNpW41JwgyHJ49U0K8MWmacXj1EV+nWkCfDab/sNuUCZRf',17,0,1433409381,1433409381),(151,284,1000072,70,'h2qxWebjdDaAYFR03vKOXmX1x+yvyNeeLViGLjkqHEo=',17,0,1433409394,1433409394),(152,284,1000059,71,'vKjCYPduCv24QcpdGBXgUg==',17,0,1433409401,1433409401),(153,284,1000064,72,'YONA7EM9n3ZOGAi0+P0oEw==',17,0,1433409409,1433409409),(154,284,1000057,73,'jihbRYmAwPY9P8UfltU2Ag==',17,0,1433409457,1433409457),(155,284,1000057,74,'R4oaRjg4YO/le6AnX9Dvjw==',17,0,1433409461,1433409461),(156,284,1000072,75,'nNO3rXy+6Yn4PHWlCh1ycQ==',17,0,1433409463,1433409463),(157,284,1000057,76,'6g65Lmrbci2zSWmoz7nDBwcq9Je89u+Nqcp/ID1tVJM=',17,0,1433409469,1433409469),(158,284,1000072,77,'3SZWEt27ngjnL61kQGGtyQ==',17,0,1433409516,1433409516),(159,284,1000057,78,'WqhiHW8E3C7JjqwNBZbF6Z2sBh4RQMESZ00h79Fnwk4=',17,0,1433409521,1433409521),(160,284,1000059,79,'dgjzZcuwYVvgiMtBlzoa8fshuQnHG1yXWhR5YC41SFBe2eAnX52+LaGrjQrTBl8qiMmE7ut3n8UuJyw6dzGNBp2dDF2YtIDBO+CSrWHPAPQQCQ+8OmkpMJ7igw3npWKu',17,0,1433409525,1433409525),(161,284,1000072,80,'2Et1AD3uxHlPDrg2mrcdiw==',17,0,1433409531,1433409531),(162,284,1000059,81,'76dKrUEAFTmkzwvCX9Lp79Kr/kxm8FK7/PsLxIYVa8Y4kV/AJtC1inSzjO5EBlE4',17,0,1433409532,1433409532),(163,284,1000059,82,'ijrMUBjpIaPH+ud69MgXZA==',17,0,1433409536,1433409536),(164,284,1000072,83,'olCY1FONDdbIWZIe4VfBS1zIdZRUsFN9eOwYZegap80=',17,0,1433409541,1433409541),(165,284,1000072,84,'MxB1GcizWGm+/o4Unc4OmFzIdZRUsFN9eOwYZegap80=',17,0,1433409548,1433409548),(166,284,1000057,85,'QeKUY7hT/4LDYVnUwYlQ5objtna0t79di6/aT54GQJcZGOne+m46xThSqGeSU/cs',17,0,1433409549,1433409549),(167,284,1000072,86,'k/ndFiZ91GryD8hRbyYPCA==',17,0,1433409552,1433409552),(168,284,1000072,87,'FPa+tvVtbUFN0IeS2EJiag==',17,0,1433409555,1433409555),(169,284,1000059,88,'j1v6Fa/iNEetksSN38t/wRFBrDTDHD4Mm/jZYmGIGiG2CiVCWFeKv1IqCrljgMMGaa/q0zWv7Tas1cZB271CoSsd4TeWfK/5w7HMBzj1duJe932m/KXDmpD+sN4owJLU1S7jFfiHu0/y8+JrZxEPLguKnLMWqh//+BClTv8lW/wZeiYbWI7HT7cizU2rhrCt4qVlHFtBuBQ+R7d2NarBCaZ5mzvPCmJkMFnSQij73RTtANAbXQnsotZudMgpLNKgVXXRAVQL9Ppucqqu+QWtYdwqTCXZR79SabmFvUoSYG8=',17,0,1433409556,1433409556),(170,284,1000057,89,'QDJ4DzEU4aXpYSj0nKhIbQ==',17,0,1433409562,1433409562),(171,284,1000059,90,'Zuthd0S5Irnu/2TxicJA+G33L44TvwaE0Yhp7uuCmzvc9iBKgzmVRjMOdn5dKXqk',17,0,1433409577,1433409577),(172,284,1000059,91,'h3PvFsa4zqkji05yJEpLNA==',17,0,1433409653,1433409653),(173,284,1000064,92,'dgjzZcuwYVvgiMtBlzoa8fshuQnHG1yXWhR5YC41SFBe2eAnX52+LaGrjQrTBl8qbjy9tWqAD417cFjEpUadxQvzOVdiyEoDaNY3gaYwet++rpNYm3kYEVB4IARBj8rW',17,0,1433409684,1433409684),(174,284,1000064,93,'S2M6tJHWp3FRX13K4/54mko3XGI4XV7cJMyhahnEatw=',17,0,1433409688,1433409688),(175,284,1000059,94,'uvn24vJOg4KGFrptGthNhg==',17,0,1433409695,1433409695),(176,284,1000072,95,'II9i3rf+G+LSHQkx2ssSwlY8330fhTSoidKBdr5ZFGrv1C3qgD0scvYN6fKMO2MD',17,0,1433409897,1433409897),(177,284,1000072,96,'II9i3rf+G+LSHQkx2ssSwlY8330fhTSoidKBdr5ZFGrv1C3qgD0scvYN6fKMO2MD',17,0,1433409897,1433409897),(178,284,1000057,97,'dgjzZcuwYVvgiMtBlzoa8QBuHrDUhN55uFCr16AkcUJhau5dXArQW6hU9z1tS4gO1Q5ZTrr6s8qk4PTdDoT3849X8FjTIJ2KSpQ36weBi+YQCQ+8OmkpMJ7igw3npWKu',17,0,1433409933,1433409933),(179,284,1000072,98,'dgjzZcuwYVvgiMtBlzoa8QBuHrDUhN55uFCr16AkcUJhau5dXArQW6hU9z1tS4gORzZn23lvgCLW76s9bXhCYo9X8FjTIJ2KSpQ36weBi+YQCQ+8OmkpMJ7igw3npWKu',17,0,1433409966,1433409966),(180,284,1000072,99,'0AUBswJvBILXt+jNEHmhuQ==',17,0,1433409976,1433409976),(181,284,1000072,100,'dIbTLhlolfiUHySIDbcC4Q==',17,0,1433409979,1433409979),(182,284,1000072,101,'gcjVSCpT6+gb/hxj7OtT7w==',17,0,1433409985,1433409985),(183,284,1000072,102,'WqP0I8NvMyCSiOczou2R6w==',17,0,1433409999,1433409999),(184,284,1000072,103,'BQRw6iALFje9aNZbBQViw5adDyF0EDW/mNrMBkvg+CsMEDIk+o23UbYXdG5fkMeh',17,0,1433410021,1433410021),(185,284,1000072,104,'oBAArmdZFwoM7AE33ZoW7Q==',17,0,1433410026,1433410026),(186,284,1000072,105,'oBAArmdZFwoM7AE33ZoW7Q==',17,0,1433410080,1433410080),(187,284,1000072,106,'oBAArmdZFwoM7AE33ZoW7Q==',17,0,1433410080,1433410080),(188,284,1000059,107,'dgjzZcuwYVvgiMtBlzoa8fshuQnHG1yXWhR5YC41SFBe2eAnX52+LaGrjQrTBl8qMdX/iCVUW41D9mHz02XcP6CgxryKqJdCoGXxEObMqfq+rpNYm3kYEVB4IARBj8rW',17,0,1433410248,1433410248),(189,284,1000059,108,'fyxBtNCBYXdLLaq5Hx/t8Q==',17,0,1433410254,1433410254),(190,284,1000072,109,'oBAArmdZFwoM7AE33ZoW7Q==',17,0,1433410262,1433410262),(191,284,1000064,110,'B+HuUVixIt9S2wq8XgAH9A==',17,0,1433410421,1433410421),(192,284,1000072,111,'+jor1yfGfbfgJP/WzwIJiA==',17,0,1433410425,1433410425),(193,284,1000059,112,'kZzcyyewYZ9bqPUyEZa20g==',17,0,1433410464,1433410464),(194,284,1000072,113,'5KqzQOvpMahevhraRjo5hg==',17,0,1433410469,1433410469),(195,284,1000059,114,'B+w1Y7/g0tUymia4pWfBRg==',17,0,1433410478,1433410478),(196,284,1000059,115,'dgjzZcuwYVvgiMtBlzoa8fshuQnHG1yXWhR5YC41SFBe2eAnX52+LaGrjQrTBl8q88wsCdzocszHTiKx43OzuYRnxrR3oROaXyLr1YjmvwEQCQ+8OmkpMJ7igw3npWKu',17,0,1433410574,1433410574),(197,284,1000072,116,'YMhfonWIcq7TLAv+wPWa6A==',17,0,1433410633,1433410633),(198,308,1000066,1,'gg6zvGGF42JeU1OqzPTG+Q==',17,0,1433411746,1433411746),(199,308,1000066,2,'gg6zvGGF42JeU1OqzPTG+Q==',17,0,1433411757,1433411757),(200,308,1000066,3,'whDsF6j2PxvlZmvxTKMxV57riZQUhLBTm+by1/qNQ0wu2+q+d2QeXP/Xf/j+j5QlrcQcAdUO6T7INUXuZVpMAsm/3Djj9Bd++1914kZE3/zIv0ApfFh5LjKEPsI3w2BTpzNkqSe5tReZbvneiXHNUg==',17,0,1433411767,1433411767),(201,308,1000066,4,'EOhJG24C6MQvjKbDIzpWQSkbKg/N+GqyCmc5p8iwRta2cVbq6550tMwMa9Ih4/ynjSGWXX8dt9I5eYXgun01jQ==',17,0,1433411785,1433411785),(202,308,1000066,5,'LTprB8t5aUr660Ox8pYFtQ==',17,0,1433411793,1433411793),(203,268,1000054,3,'lkr+rrFNEz8aMDdE0FhqHQ==',17,0,1433414083,1433414083),(204,284,1000056,117,'UQ+XtvNb/1N1e+mAYgovpw==',17,0,1433414206,1433414206),(205,284,1000056,118,'rrySAOhWjUijdEAr+/1vK37WjQ5MDjfOR8ZZd+kwo8v1EV+nWkCfDab/sNuUCZRf',17,0,1433414267,1433414267),(206,284,1000057,119,'dgjzZcuwYVvgiMtBlzoa8QBuHrDUhN55uFCr16AkcUJhau5dXArQW6hU9z1tS4gO4ylrLnnMRs0PjUKZ9SPRUY2tvQtnNJn2ZAu5uHT8EbhyeGewx+Md3nFV3I3EMHjM',17,0,1433414311,1433414311),(207,284,1000057,120,'vrCmcaQ1GwNJ5fVfGgaBuVzIdZRUsFN9eOwYZegap80=',17,0,1433414318,1433414318);
/*!40000 ALTER TABLE `IMGroupMessage_4` ENABLE KEYS */;
UNLOCK TABLES;

--
-- Table structure for table `IMGroupMessage_5`
--

DROP TABLE IF EXISTS `IMGroupMessage_5`;
/*!40101 SET @saved_cs_client     = @@character_set_client */;
/*!40101 SET character_set_client = utf8 */;
CREATE TABLE `IMGroupMessage_5` (
  `id` int(11) NOT NULL AUTO_INCREMENT,
  `groupId` int(11) unsigned NOT NULL COMMENT '用户的关系id',
  `userId` int(11) unsigned NOT NULL COMMENT '发送用户的id',
  `msgId` int(11) unsigned NOT NULL COMMENT '消息ID',
  `content` varchar(4096) COLLATE utf8mb4_bin NOT NULL DEFAULT '' COMMENT '消息内容',
  `type` tinyint(3) unsigned NOT NULL DEFAULT '2' COMMENT '群消息类型,101为群语音,2为文本',
  `status` int(11) unsigned NOT NULL DEFAULT '0' COMMENT '消息状态',
  `updated` int(11) unsigned NOT NULL DEFAULT '0' COMMENT '更新时间',
  `created` int(11) unsigned NOT NULL DEFAULT '0' COMMENT '创建时间',
  PRIMARY KEY (`id`),
  KEY `idx_groupId_status_created` (`groupId`,`status`,`created`),
  KEY `idx_groupId_msgId_status_created` (`groupId`,`msgId`,`status`,`created`)
) ENGINE=InnoDB AUTO_INCREMENT=62 DEFAULT CHARSET=utf8mb4 COLLATE=utf8mb4_bin COMMENT='IM群消息表';
/*!40101 SET character_set_client = @saved_cs_client */;

--
-- Dumping data for table `IMGroupMessage_5`
--

LOCK TABLES `IMGroupMessage_5` WRITE;
/*!40000 ALTER TABLE `IMGroupMessage_5` DISABLE KEYS */;
INSERT INTO `IMGroupMessage_5` VALUES (51,285,1000069,1,'Ebl/89Q6aCqb6h7cuwz80A==',17,0,1433391885,1433391885),(52,293,1000072,1,'8VNrECLBmhbuaFV4q6GO6w==',17,0,1433399603,1433399603),(53,293,1000072,2,'b5c96GMPNfKUBV63X1l9Dg==',17,0,1433400459,1433400459),(54,285,1000068,2,'xbzVYWaUZczD7ghddEqMrg==',17,0,1433405865,1433405865),(55,293,1000072,3,'B+HuUVixIt9S2wq8XgAH9A==',17,0,1433406179,1433406179),(56,317,1000076,1,'LHGZpV+pownApXG0KjEdhLV/F1R/G2ywDOUYaCsO0WE=',17,0,1433414931,1433414931),(57,317,1000054,2,'D010f2z7qFaBYeW8fr/3eA==',17,0,1433414946,1433414946),(58,317,1000054,3,'b2maBJVyQ/q4C9163F99ffJESbgBWBew4s+z/c62nqU=',17,0,1433414951,1433414951),(59,317,1000076,4,'q9wsd8yStD4Bjga/W3Hbe/fH1JSN2YGHsIb+XkmkGYMxNI+tUeaEWvtGlHRF+psaQF6y4ONshmicKoAI3GU/Lw==',17,0,1433414958,1433414958),(60,317,1000076,5,'DMHfuqNR/ilmUKA2wvnKPi0TQxyVn+neiMAxFogEyM4InnCcYvxMW4HVkfoKOZGBiCG/1zHPkufvzAvrhcpZ9FtcxhcdKjAb/1pDwCkQP2WlWHFMBRczboEdfpHA3JJS',17,0,1433414968,1433414968),(61,317,1000054,6,'wFr1aF7wxOc5Y9Yt7ATxFb1J67ihV2Z9dFYbOqssvlf1EV+nWkCfDab/sNuUCZRf',17,0,1433414975,1433414975);
/*!40000 ALTER TABLE `IMGroupMessage_5` ENABLE KEYS */;
UNLOCK TABLES;

--
-- Table structure for table `IMGroupMessage_6`
--

DROP TABLE IF EXISTS `IMGroupMessage_6`;
/*!40101 SET @saved_cs_client     = @@character_set_client */;
/*!40101 SET character_set_client = utf8 */;
CREATE TABLE `IMGroupMessage_6` (
  `id` int(11) NOT NULL AUTO_INCREMENT,
  `groupId` int(11) unsigned NOT NULL COMMENT '用户的关系id',
  `userId` int(11) unsigned NOT NULL COMMENT '发送用户的id',
  `msgId` int(11) unsigned NOT NULL COMMENT '消息ID',
  `content` varchar(4096) COLLATE utf8mb4_bin NOT NULL DEFAULT '' COMMENT '消息内容',
  `type` tinyint(3) unsigned NOT NULL DEFAULT '2' COMMENT '群消息类型,101为群语音,2为文本',
  `status` int(11) unsigned NOT NULL DEFAULT '0' COMMENT '消息状态',
  `updated` int(11) unsigned NOT NULL DEFAULT '0' COMMENT '更新时间',
  `created` int(11) unsigned NOT NULL DEFAULT '0' COMMENT '创建时间',
  PRIMARY KEY (`id`),
  KEY `idx_groupId_status_created` (`groupId`,`status`,`created`),
  KEY `idx_groupId_msgId_status_created` (`groupId`,`msgId`,`status`,`created`)
) ENGINE=InnoDB AUTO_INCREMENT=155 DEFAULT CHARSET=utf8mb4 COLLATE=utf8mb4_bin COMMENT='IM群消息表';
/*!40101 SET character_set_client = @saved_cs_client */;

--
-- Dumping data for table `IMGroupMessage_6`
--

LOCK TABLES `IMGroupMessage_6` WRITE;
/*!40000 ALTER TABLE `IMGroupMessage_6` DISABLE KEYS */;
INSERT INTO `IMGroupMessage_6` VALUES (130,262,1000068,1,'73EgznUG0fDmy6+KI+82L1zIdZRUsFN9eOwYZegap80=',17,0,1433385231,1433385231),(131,262,1000068,2,'C9h/aMTFB4h1oJR5n+zSsgr+GZ43+2mMfQMFqTsGBjY=',17,0,1433389655,1433389655),(132,262,1000068,3,'SvV/gjXSApQguLQX6f4qrrrNAq3nJQmKe3FBMv+0LRI=',17,0,1433389661,1433389661),(133,262,1000068,4,'JX5zlEtFun4XxiBJLeEOVQ==',17,0,1433389664,1433389664),(134,262,1000068,5,'aGWTEpIZUrzM34S5DOUUwQ==',17,0,1433391225,1433391225),(135,254,1000057,1,'Oi/GuQt7bPoTRdgTJ2HCvA==',17,0,1433397538,1433397538),(136,286,1000059,1,'/bQZyq3qsmwQ5Wg9m1MoxXyV267D94bmL/+cDXXqn7w=',17,0,1433398092,1433398092),(137,254,1000057,2,'XqAJM41Z6ggjXODkiQUVQg==',17,0,1433408320,1433408320),(138,254,1000057,3,'Oi/GuQt7bPoTRdgTJ2HCvA==',17,0,1433408360,1433408360),(139,254,1000059,4,'7GvyjB3z7iw1+J5Jdul8eg==',17,0,1433408376,1433408376),(140,254,1000057,5,'pwVOKqyav7gU3zfvmh6HXg==',17,0,1433408376,1433408376),(141,254,1000059,6,'v1Y2dEGiNPQmLCDiG3DVZg==',17,0,1433408381,1433408381),(142,254,1000059,7,'G4P31CfPaiX5U/qqvYe63g==',17,0,1433408452,1433408452),(143,254,1000059,8,'PZxVm2Jukg1nIBRzpe5Upg==',17,0,1433408494,1433408494),(144,254,1000059,9,'eb7qjd5WBygmngBFaKkAQA==',17,0,1433408503,1433408503),(145,254,1000057,10,'8USwfTnBX/Otn3O3iRtsn1zIdZRUsFN9eOwYZegap80=',17,0,1433411308,1433411308),(146,254,1000057,11,'CFeGTm+byIC/88Vb619iIw==',17,0,1433411321,1433411321),(147,254,1000057,12,'sZKGLXxx6PGpNNyFmAcxIw==',17,0,1433411323,1433411323),(148,254,1000057,13,'yp1vl2D7wt8cn5VwxuDShw==',17,0,1433411327,1433411327),(149,254,1000059,14,'F71pDWbC4SHZmujM4Xxdow==',17,0,1433411358,1433411358),(150,254,1000059,15,'uLDpXEc+WvatDvN97/ZDWVzIdZRUsFN9eOwYZegap80=',17,0,1433413226,1433413226),(151,254,1000059,16,'0LzM6PNqtj7IYJkL75DDfA==',17,0,1433413236,1433413236),(152,254,1000059,17,'EJOyHOn+wxQ6kM7Igowr+g==',17,0,1433413259,1433413259),(153,254,1000059,18,'EJOyHOn+wxQ6kM7Igowr+g==',17,0,1433413290,1433413290),(154,318,1000054,1,'Af6d9nOTms26x4+jHBsOJnWXrZFfV+UBo37vcxL/NUY=',17,0,1433415960,1433415960);
/*!40000 ALTER TABLE `IMGroupMessage_6` ENABLE KEYS */;
UNLOCK TABLES;

--
-- Table structure for table `IMGroupMessage_7`
--

DROP TABLE IF EXISTS `IMGroupMessage_7`;
/*!40101 SET @saved_cs_client     = @@character_set_client */;
/*!40101 SET character_set_client = utf8 */;
CREATE TABLE `IMGroupMessage_7` (
  `id` int(11) NOT NULL AUTO_INCREMENT,
  `groupId` int(11) unsigned NOT NULL COMMENT '用户的关系id',
  `userId` int(11) unsigned NOT NULL COMMENT '发送用户的id',
  `msgId` int(11) unsigned NOT NULL COMMENT '消息ID',
  `content` varchar(4096) COLLATE utf8mb4_bin NOT NULL DEFAULT '' COMMENT '消息内容',
  `type` tinyint(3) unsigned NOT NULL DEFAULT '2' COMMENT '群消息类型,101为群语音,2为文本',
  `status` int(11) unsigned NOT NULL DEFAULT '0' COMMENT '消息状态',
  `updated` int(11) unsigned NOT NULL DEFAULT '0' COMMENT '更新时间',
  `created` int(11) unsigned NOT NULL DEFAULT '0' COMMENT '创建时间',
  PRIMARY KEY (`id`),
  KEY `idx_groupId_status_created` (`groupId`,`status`,`created`),
  KEY `idx_groupId_msgId_status_created` (`groupId`,`msgId`,`status`,`created`)
) ENGINE=InnoDB AUTO_INCREMENT=75 DEFAULT CHARSET=utf8mb4 COLLATE=utf8mb4_bin COMMENT='IM群消息表';
/*!40101 SET character_set_client = @saved_cs_client */;

--
-- Dumping data for table `IMGroupMessage_7`
--

LOCK TABLES `IMGroupMessage_7` WRITE;
/*!40000 ALTER TABLE `IMGroupMessage_7` DISABLE KEYS */;
INSERT INTO `IMGroupMessage_7` VALUES (70,303,1000055,1,'dgjzZcuwYVvgiMtBlzoa8fshuQnHG1yXWhR5YC41SFBe2eAnX52+LaGrjQrTBl8qHW77uY+pEntZYdtSIrG8U4R3B00acRVfh/43lPtfmy4QCQ+8OmkpMJ7igw3npWKu',17,0,1433402674,1433402674),(71,303,1000055,2,'wR17+VztuKNqAJBgs2lMXQ77Ce9r8itwP3JFy53N82hHKToxFDimz7C6XaPPPsPH',17,0,1433402765,1433402765),(72,303,1000055,3,'YFGTZ4EO3Vmx9FIVlImUfxu13oUOWVFE5d6ssAvmkgOh6/4kMONrHBEogJ0Z9biemYHXMREZNFrSU06+GCmRFsWm5p+1Wg1NjT6ewN/n/TQNRH6oOfS1uuIxY9Aat853FzQ43tZEsqj8T35O7l926WZVTizpvsrXM8P1zb2XnUxzwN74rOjWPvitYp940oleAoofqGSGWaf0wrmtuRSZDoMpXfTZurQutjzY7cjWRQkcEfi5mrkw+azUlHc/Ac4DQL2ed32bZHrfDpRkjCTO/kbfVkSAYBXWWZFhoJJM5sR8K2UY/FPSh1VQZMTJln05gDqO8V2iH094mxOHwxJFVDFWYVRlo+pOMcZ7aeInL9IdvWHZ030cQJ48EFruQcFOqxIdrAAxtLpmMov7HEcLr0hMEW7Wd1CH9MVrQ2jqzg4scj7pWu1JVw2/6E2LMaqvvEVwOlagZHwXAH7sjgkcgRcji8E0Cq72lxO48FRamwoS7pzwqgi8AasUOCqEUSqj6bcDku9j4nUj96Vkzgen/oKyM4Q9AvOW9/a0JqxehkUT9GO4bRMTkX9an8GXkCuFR4caF5C61XH5fXm4SNtRAMv4P5Htuz0Vsh2ye+fcqYgBAXY1FIkDZZwYU7DnW6i8SW75z1dhYcLWeRi8UPt2OImfkdZMG6Y4Sf6Skg01Uj/Qhdz+bKmpBtFNnr49e/QP3mbZyKTBlEfgS011XpUf6iwbI+/RmlgSFbf8ztxY8+AtP/y88uI01Vctq1TW6ps3pSP20Fp1+hyeXAOvvzcV/86TUPc2hzvidbJTstylvu6E+izrgKnJ4goOONTEHmNf70S02k+jMGW/ik18oD/LPPFcznisVoiUaXyT1eDnculz1HHzi2TXvG4ecPtK9or/sQsvaxSQLlsStvPRnUMdu1vkfWl4DjVXI3LWHS8R4wp67l+1Wcg2srg7XjrYnasVpTLhas9CCP7HJHXpsaVpAPatsDT0T9C5kV7YxrO3Vf30/uKz2knl9v8wN8PubU5b6yvfepkI9t2BSrmB73A1OO/7ipe8LekV3d1CGGDvDdXdqY7V10r05AH2onfV+77dym/B5JiEWaeKJ1V2s/ccOEVr/pV8uROfD77Hj5yC66ttHbHsyGns3aS+7dPNmf4GlMQekVSiC5cSJ4dBCQhKJbG5ohKptzO4yKHSk/Y6iDv3WHmbQuKODOvX1fLm5PpOJgEDtjZX3L8wO8J1aex4EUPk8xd/zIq5oBQLqCnaspkrdOk8s6bXKRgneAnVubYnyUAa5VylWnPu3LlMB+3x3P0bPJ93Vpmun/dmS1pfBZukRZ5HHS0eKnmRAiTynQnPCLT5cqr5xb0XSj6D8BWozPWeu+Q12Rr793jA0RD8DnsMi8/0l0Uye/iuRRcoXByOASHv8M/skoiAXN9Ni0HUgu1FzuxRRie4gTDdtMANdt4/hugM/Aru26kTRHxt3Hx4W5BlkuYVNVuoMu6GW+TGyeV+2isvVisxEHjftbBoI2nYLVRZWCBej/+7jUpF0iY5VhmVcR2gKnkSgbmPNXpTcySUAmWe8r+ySkgxWXnDdxWzPpdE7UPkLjy8eLnc4o7RWTMjhMGCn7kqEjH0LUcYlxAc714+59dv1zh1G0YakgrdfkfiiQD6q+9VnxPl43OpMkAlMhED635+zYLFxrg3z3fUHsQg9cDTVhKIQ8PrYqKrHyHZH2OT9BKMoJam57Z9OkENiL2ctNWNeEzxF3axeRVTpoX4iI5hpRp9oiXJFEcyKLmvys5dEnT5MAJ7BQaQyxolwPMJH5EiS3mou7XPzg/qq3uCMamfj4MgYyosF6UG9aOphrXtlZWKPxS1XILjB9oenDoRzO32KIZ6MWgGjSmH1L7243IL3xcoMJ8ubfxW0xi3OwaqZwTJGPjZtxEoN2asScsJ+kUhl/Wh7sArPxq1nlm3ccW8hnBKOMRkfKXDKnACx41TSIEn03opH2d02Mz4QrdnClttxMb04UIhIvCg0NO3nGv47hRydFaCmG8EFBG2ioe2GYqfcxIxK5G04As/VLU3/uHzCg9Jl5b77l5Cn4KmOmeqFgOBjvtqv7LYPX5sS2csBPfrC53NkNw9AbCWQ5Qyp/MEzFvvp0kjLqhDv98bLrIdwCC+UDpHIVe3t7mSXIH4TP1FuMIJWKVZpWPWhlb+iu7Y7BThMIl/uQbsuaVD40sor/VUuxdZdLddLKyjnlWCIL0ZkMPLLjZ2nxMqDYMnVNU2RzVrFu6QJHNadbt35jLpRggJsEmymEKk0yzf5dmJd9qjk29jkJ5bZLNFAdFSPqas9foXfLh69TbHgNtWVk9yld3CcItsoVxyZGzmakSzCkmvpQu9lnIzPYq+/uDCfOgoH34jX+jbGkWHWdX1aMbRctR0WAkGHT50eQ2Gcxn9KV/MG6kYUWdTDtFz/yFu3e2FfyIYdwdpCqi0LF8HDsv5rNGNyuTlVClqjqI3BAHQrlGpg8LrUjhr4gqbH+UAV4KcRL0gVmSf5vEXQa1NwR28IgvyOpwxXCsZnZOooD6Ch60SYFOjZ85ABtiWHM2b+D5VR0y+IonelE0/zxUKmMao5W110DtVcF+nrUb+/LiZM0gOgwZUuKglak3RjSEuLnM4Ctp09LADDi+X+rWbY5TbUR3VGnsZ9JMvggX1ZzW3GRq6VVa97TsbHaPwcEVgdOb2cDuH6C6GU9ySI/+jm9efC4TzdVkdO+00k1EdXiO8bv/fCqHlZoQ+s1OCfv1IMWg/GCelhqfS1KtoMsrIXbjywG1mgSXaG1gJMH77C42m915AGDikCvdcFzmGZqJ2qFS/jUyyOox8+2nEoeFMBZOmYLf2X27dbQOINuN1eXDIinBU+AmIeWulUaw8PfgRBIM0VtaIysna1/1520LkeJgezb5MkNDSpD48JQXLvC0Pk0ikfHFV27ud2/xPOOK+wkZq7Iyylw4weWOgTeN2ZUUsz4VPIZowxPHeqg4FL1H3dIsK4gI/NKrTQOBFgak+v1AnCDwd8b5B+EJ71u2R0wYEvjdr/aJzKfx6WkmNlq/ID6RCq2LWYzrfi5FPhpXGSemN62zEO0D+k7PFh4S2GVRtbMgBpsIr2wY7dyspXRR2XXvsNVLsQ64eEJSRc5tW1+Gls8UTTNoDuIAKP5nEJXfA2TcW8+FUMH06aJ3sxkT/v2g3zGXXqvW1K2U6oLFVHTN1OzI5m8/2rlMnV1Y1nW2JgzUIe3bAeNHH6yCy5tx0ZO6WOT3DiGFS4sB30Qyjf8x86t59fKd+ML/qRld3czoS68ey2LcS69Yo5vdm957/8Ukypw+ew77o5H4/TWfhXSbgJjf4z9vh9vLciHfS2JE/salNYiGhSmP+hzLFkZcobFWJxESoFxKGn/kwfewp2MFd1ZWYOV1VXFA4FC84DIK8r+uKa2MNQku+4VC6gN27AS1WAkm6udEWc5uQYBe44y7c1PWkjvoO6gYPO/f40GZswLjigwdCob1X5OjQXLI/gu+FNqJboxZrmgU3Q6LPHLhrC8aw5hIR5Tdofiz6mpZ1te/M+fgbkLg9/6tXJR2wEIz7KB2vPrcM7J7fdXEvevCr3k6tK79Ty6MeO4fWu2yvBO/Q0FhrCeIX+92czNkZLzYcR108QdH70hVMfdf8KjLCEUU/YWMEEI7MLjUck2BjWQ2jLNN8H4yhJ7PyTsoOQOeYlbvyJzzNbNva5b54zc48cM9f+1eyEO1ABR6fDRHYlPYjCPOI3qFIO49EKEpL3jvPlDjwlGd5fZL8atbWgrqQ2/ilv6mv7Nm/Osrz/LJJMhb7bcXIHLv5Pltu9t07fguSUx3fTKETunapLA8abxwfuLFEkdx3QIl3gKF8ErgtW9qq2sTQHoB0kw8hKqpTJXrmRfnL9Wtw43wiWywsRWFyVM2gCkby56xwFWs92v5mNBJP9ihc2GO98eyjb9aCTPs6HXCXZvoSwCRJpZNFhBp16hiZMPCvIXLglZg/CuWTtai9rwWYE4jDCZsxSg2UiMH8j7ghGoQOrJdgH+2lkgdszR6GytQFqYwVz14W9j8ODAM6ANc1OeZpCGhyMVe9MszRodQbt+Zx',17,0,1433403064,1433403064),(73,303,1000055,4,'dgjzZcuwYVvgiMtBlzoa8fshuQnHG1yXWhR5YC41SFBe2eAnX52+LaGrjQrTBl8qVYg9TNuti9ASTbW6SW+v82Teo332CfDAs7x0ApbKLoW+rpNYm3kYEVB4IARBj8rW',17,0,1433407575,1433407575),(74,303,1000055,5,'f3rvQSfGXtuJKmNElGJLdA==',17,0,1433413063,1433413063);
/*!40000 ALTER TABLE `IMGroupMessage_7` ENABLE KEYS */;
UNLOCK TABLES;

--
-- Table structure for table `IMGroupMsgTextCount`
--

DROP TABLE IF EXISTS `IMGroupMsgTextCount`;
/*!40101 SET @saved_cs_client     = @@character_set_client */;
/*!40101 SET character_set_client = utf8 */;
CREATE TABLE `IMGroupMsgTextCount` (
  `id` int(11) unsigned NOT NULL AUTO_INCREMENT,
  `user_id` int(11) DEFAULT NULL,
  `group_id` int(11) DEFAULT NULL,
  `text_cnt` int(11) DEFAULT NULL,
  `created` int(11) DEFAULT NULL,
  `updated` int(11) DEFAULT NULL,
  PRIMARY KEY (`id`)
) ENGINE=InnoDB AUTO_INCREMENT=23 DEFAULT CHARSET=utf8;
/*!40101 SET character_set_client = @saved_cs_client */;

--
-- Dumping data for table `IMGroupMsgTextCount`
--

LOCK TABLES `IMGroupMsgTextCount` WRITE;
/*!40000 ALTER TABLE `IMGroupMsgTextCount` DISABLE KEYS */;
INSERT INTO `IMGroupMsgTextCount` VALUES (10,1000056,264,29,1433385407,1433385563),(11,1000069,289,3,1433397800,1433397800),(12,1000057,291,18,1433398997,1433402732),(13,1000072,296,1,1433400028,1433400028),(14,1000072,291,1,1433401345,1433401345),(15,1000059,291,20,1433401673,1433401858),(16,1000055,303,2147483647,1433402674,1433413063),(17,1000056,284,61,1433406657,1433414267),(18,1000059,284,359,1433408558,1433410574),(19,1000057,284,84,1433408603,1433414318),(20,1000064,284,58,1433409078,1433410421),(21,1000072,284,129,1433409091,1433410633),(22,1000064,289,2,1433409872,1433409872);
/*!40000 ALTER TABLE `IMGroupMsgTextCount` ENABLE KEYS */;
UNLOCK TABLES;

--
-- Table structure for table `IMMessage_0`
--

DROP TABLE IF EXISTS `IMMessage_0`;
/*!40101 SET @saved_cs_client     = @@character_set_client */;
/*!40101 SET character_set_client = utf8 */;
CREATE TABLE `IMMessage_0` (
  `id` int(11) NOT NULL AUTO_INCREMENT,
  `relateId` int(11) unsigned NOT NULL COMMENT '用户的关系id',
  `fromId` int(11) unsigned NOT NULL COMMENT '发送用户的id',
  `toId` int(11) unsigned NOT NULL COMMENT '接收用户的id',
  `msgId` int(11) unsigned NOT NULL COMMENT '消息ID',
  `content` varchar(4096) COLLATE utf8mb4_bin DEFAULT '' COMMENT '消息内容',
  `type` tinyint(2) unsigned NOT NULL DEFAULT '1' COMMENT '消息类型',
  `status` tinyint(1) unsigned NOT NULL DEFAULT '0' COMMENT '0正常 1被删除',
  `updated` int(11) unsigned NOT NULL COMMENT '更新时间',
  `created` int(11) unsigned NOT NULL COMMENT '创建时间',
  PRIMARY KEY (`id`),
  KEY `idx_relateId_status_created` (`relateId`,`status`,`created`),
  KEY `idx_relateId_status_msgId_created` (`relateId`,`status`,`msgId`,`created`),
  KEY `idx_fromId_toId_created` (`fromId`,`toId`,`status`)
) ENGINE=InnoDB AUTO_INCREMENT=197 DEFAULT CHARSET=utf8mb4 COLLATE=utf8mb4_bin;
/*!40101 SET character_set_client = @saved_cs_client */;

--
-- Dumping data for table `IMMessage_0`
--

LOCK TABLES `IMMessage_0` WRITE;
/*!40000 ALTER TABLE `IMMessage_0` DISABLE KEYS */;
INSERT INTO `IMMessage_0` VALUES (195,120,1000054,1000077,1,'XWaXa2vevGm7c9fGKm5hfh298cOmySN+Wva2AlcDmdkUaAP1cBh27z3t/OTh76DRQsaGdXAbAz40WnyMGQayQQ==',1,0,1433402451,1433402451),(196,120,1000077,1000054,2,'84KSbpdchgN48dXfQOn+LQ==',1,0,1433405780,1433405780);
/*!40000 ALTER TABLE `IMMessage_0` ENABLE KEYS */;
UNLOCK TABLES;

--
-- Table structure for table `IMMessage_1`
--

DROP TABLE IF EXISTS `IMMessage_1`;
/*!40101 SET @saved_cs_client     = @@character_set_client */;
/*!40101 SET character_set_client = utf8 */;
CREATE TABLE `IMMessage_1` (
  `id` int(11) NOT NULL AUTO_INCREMENT,
  `relateId` int(11) unsigned NOT NULL COMMENT '用户的关系id',
  `fromId` int(11) unsigned NOT NULL COMMENT '发送用户的id',
  `toId` int(11) unsigned NOT NULL COMMENT '接收用户的id',
  `msgId` int(11) unsigned NOT NULL COMMENT '消息ID',
  `content` varchar(4096) COLLATE utf8mb4_bin DEFAULT '' COMMENT '消息内容',
  `type` tinyint(2) unsigned NOT NULL DEFAULT '1' COMMENT '消息类型',
  `status` tinyint(1) unsigned NOT NULL DEFAULT '0' COMMENT '0正常 1被删除',
  `updated` int(11) unsigned NOT NULL COMMENT '更新时间',
  `created` int(11) unsigned NOT NULL COMMENT '创建时间',
  PRIMARY KEY (`id`),
  KEY `idx_relateId_status_created` (`relateId`,`status`,`created`),
  KEY `idx_relateId_status_msgId_created` (`relateId`,`status`,`msgId`,`created`),
  KEY `idx_fromId_toId_created` (`fromId`,`toId`,`status`)
) ENGINE=InnoDB AUTO_INCREMENT=308 DEFAULT CHARSET=utf8mb4 COLLATE=utf8mb4_bin;
/*!40101 SET character_set_client = @saved_cs_client */;

--
-- Dumping data for table `IMMessage_1`
--

LOCK TABLES `IMMessage_1` WRITE;
/*!40000 ALTER TABLE `IMMessage_1` DISABLE KEYS */;
INSERT INTO `IMMessage_1` VALUES (305,121,1000056,1000059,1,'XWaXa2vevGm7c9fGKm5hfh298cOmySN+Wva2AlcDmdkUaAP1cBh27z3t/OTh76DRQsaGdXAbAz40WnyMGQayQQ==',1,0,1433407095,1433407095),(306,121,1000056,1000059,2,'LLNdM1jWonBDUSBV3uT56f5VWgI0HSXvH4aw5KAJHuQ=',1,0,1433407103,1433407103),(307,121,1000056,1000059,3,'XWaXa2vevGm7c9fGKm5hfh298cOmySN+Wva2AlcDmdkUaAP1cBh27z3t/OTh76DRQsaGdXAbAz40WnyMGQayQQ==',1,0,1433407150,1433407150);
/*!40000 ALTER TABLE `IMMessage_1` ENABLE KEYS */;
UNLOCK TABLES;

--
-- Table structure for table `IMMessage_2`
--

DROP TABLE IF EXISTS `IMMessage_2`;
/*!40101 SET @saved_cs_client     = @@character_set_client */;
/*!40101 SET character_set_client = utf8 */;
CREATE TABLE `IMMessage_2` (
  `id` int(11) NOT NULL AUTO_INCREMENT,
  `relateId` int(11) unsigned NOT NULL COMMENT '用户的关系id',
  `fromId` int(11) unsigned NOT NULL COMMENT '发送用户的id',
  `toId` int(11) unsigned NOT NULL COMMENT '接收用户的id',
  `msgId` int(11) unsigned NOT NULL COMMENT '消息ID',
  `content` varchar(4096) COLLATE utf8mb4_bin DEFAULT '' COMMENT '消息内容',
  `type` tinyint(2) unsigned NOT NULL DEFAULT '1' COMMENT '消息类型',
  `status` tinyint(1) unsigned NOT NULL DEFAULT '0' COMMENT '0正常 1被删除',
  `updated` int(11) unsigned NOT NULL COMMENT '更新时间',
  `created` int(11) unsigned NOT NULL COMMENT '创建时间',
  PRIMARY KEY (`id`),
  KEY `idx_relateId_status_created` (`relateId`,`status`,`created`),
  KEY `idx_relateId_status_msgId_created` (`relateId`,`status`,`msgId`,`created`),
  KEY `idx_fromId_toId_created` (`fromId`,`toId`,`status`)
) ENGINE=InnoDB AUTO_INCREMENT=551 DEFAULT CHARSET=utf8mb4 COLLATE=utf8mb4_bin;
/*!40101 SET character_set_client = @saved_cs_client */;

--
-- Dumping data for table `IMMessage_2`
--

LOCK TABLES `IMMessage_2` WRITE;
/*!40000 ALTER TABLE `IMMessage_2` DISABLE KEYS */;
INSERT INTO `IMMessage_2` VALUES (545,114,1000070,1000067,1,'XWaXa2vevGm7c9fGKm5hfh298cOmySN+Wva2AlcDmdkUaAP1cBh27z3t/OTh76DRQsaGdXAbAz40WnyMGQayQQ==',1,0,1433386418,1433386418),(546,114,1000070,1000067,2,'XWaXa2vevGm7c9fGKm5hfh298cOmySN+Wva2AlcDmdkUaAP1cBh27z3t/OTh76DRQsaGdXAbAz40WnyMGQayQQ==',1,0,1433387763,1433387763),(547,114,1000070,1000067,3,'XWaXa2vevGm7c9fGKm5hfh298cOmySN+Wva2AlcDmdkUaAP1cBh27z3t/OTh76DRQsaGdXAbAz40WnyMGQayQQ==',1,0,1433387829,1433387829),(548,114,1000067,1000070,4,'vEDudUg3oJNXZ0IhRWgaLw==',1,0,1433387850,1433387850),(549,122,1000056,1000083,1,'XWaXa2vevGm7c9fGKm5hfh298cOmySN+Wva2AlcDmdkUaAP1cBh27z3t/OTh76DRQsaGdXAbAz40WnyMGQayQQ==',1,0,1433408541,1433408541),(550,122,1000056,1000083,2,'7ERCMT9nXQkf6u3bMA+1LmX/n2dn16Ji/ua743NL10k=',1,0,1433409485,1433409485);
/*!40000 ALTER TABLE `IMMessage_2` ENABLE KEYS */;
UNLOCK TABLES;

--
-- Table structure for table `IMMessage_3`
--

DROP TABLE IF EXISTS `IMMessage_3`;
/*!40101 SET @saved_cs_client     = @@character_set_client */;
/*!40101 SET character_set_client = utf8 */;
CREATE TABLE `IMMessage_3` (
  `id` int(11) NOT NULL AUTO_INCREMENT,
  `relateId` int(11) unsigned NOT NULL COMMENT '用户的关系id',
  `fromId` int(11) unsigned NOT NULL COMMENT '发送用户的id',
  `toId` int(11) unsigned NOT NULL COMMENT '接收用户的id',
  `msgId` int(11) unsigned NOT NULL COMMENT '消息ID',
  `content` varchar(4096) COLLATE utf8mb4_bin DEFAULT '' COMMENT '消息内容',
  `type` tinyint(2) unsigned NOT NULL DEFAULT '1' COMMENT '消息类型',
  `status` tinyint(1) unsigned NOT NULL DEFAULT '0' COMMENT '0正常 1被删除',
  `updated` int(11) unsigned NOT NULL COMMENT '更新时间',
  `created` int(11) unsigned NOT NULL COMMENT '创建时间',
  PRIMARY KEY (`id`),
  KEY `idx_relateId_status_created` (`relateId`,`status`,`created`),
  KEY `idx_relateId_status_msgId_created` (`relateId`,`status`,`msgId`,`created`),
  KEY `idx_fromId_toId_created` (`fromId`,`toId`,`status`)
) ENGINE=InnoDB AUTO_INCREMENT=427 DEFAULT CHARSET=utf8mb4 COLLATE=utf8mb4_bin;
/*!40101 SET character_set_client = @saved_cs_client */;

--
-- Dumping data for table `IMMessage_3`
--

LOCK TABLES `IMMessage_3` WRITE;
/*!40000 ALTER TABLE `IMMessage_3` DISABLE KEYS */;
INSERT INTO `IMMessage_3` VALUES (390,115,1000070,1000054,1,'XWaXa2vevGm7c9fGKm5hfh298cOmySN+Wva2AlcDmdkUaAP1cBh27z3t/OTh76DRQsaGdXAbAz40WnyMGQayQQ==',1,0,1433388292,1433388292),(391,115,1000054,1000070,2,'alfRptfO/d2iSsplZmtDbg==',1,0,1433388307,1433388307),(392,115,1000054,1000070,3,'zuZX2nkusyHWTG10uh9z4Q==',1,0,1433388328,1433388328),(393,115,1000054,1000070,4,'+phDjPqMis6q6ZzayP29MQ==',1,0,1433388348,1433388348),(394,115,1000054,1000070,5,'ueslBi3M14lbC35hSohLsg==',1,0,1433388355,1433388355),(395,115,1000054,1000070,6,'Rvz2e6kz5yNN4M+vb2nf+Q==',1,0,1433388373,1433388373),(396,115,1000054,1000070,7,'UjT7gi7X18+SicRjSkBijg==',1,0,1433388424,1433388424),(397,115,1000054,1000070,8,'0/MzOY63K8GYB3gqy2egyA==',1,0,1433388489,1433388489),(398,115,1000054,1000070,9,'FzcmEApFfkqmXor36cPbNg==',1,0,1433390278,1433390278),(399,115,1000054,1000070,10,'1LGg8opHr3Gs2/TCUj0BLwehSnqYj+Iy81hPxcUWf7s=',1,0,1433390317,1433390317),(400,115,1000054,1000070,11,'alfRptfO/d2iSsplZmtDbg==',1,0,1433390327,1433390327),(401,115,1000054,1000070,12,'UqXJGNxF2J9sxCza5qHbVA==',1,0,1433390453,1433390453),(402,115,1000054,1000070,13,'RBiFjfgHMIwi+w4yKE/MAA==',1,0,1433390542,1433390542),(403,115,1000070,1000054,14,'6qDWnqnkFUjQVZk1nfKadw==',1,0,1433390557,1433390557),(404,115,1000054,1000070,15,'el7EIJnbdGuWzf/XoWDvsQ==',1,0,1433391248,1433391248),(405,115,1000054,1000070,16,'+phDjPqMis6q6ZzayP29MQ==',1,0,1433395553,1433395553),(406,115,1000054,1000070,17,'eFt89i9N+AeDYSmDGdg8zA==',1,0,1433395568,1433395568),(407,115,1000054,1000070,18,'Q4p3yWdqHs/SnqNNvI6aBw==',1,0,1433395631,1433395631),(408,115,1000054,1000070,19,'VzBc9+azzcvq4cLGuLhWcw==',1,0,1433395901,1433395901),(409,115,1000070,1000054,20,'XWaXa2vevGm7c9fGKm5hfh298cOmySN+Wva2AlcDmdkUaAP1cBh27z3t/OTh76DRQsaGdXAbAz40WnyMGQayQQ==',1,0,1433395952,1433395952),(410,115,1000054,1000070,21,'a8O0RCN7dcR11arajjkTyw==',1,0,1433395958,1433395958),(411,115,1000054,1000070,22,'ItXrLDI5y2UA73mjEl7GRQ==',1,0,1433395976,1433395976),(412,115,1000070,1000054,23,'XWaXa2vevGm7c9fGKm5hfh298cOmySN+Wva2AlcDmdkUaAP1cBh27z3t/OTh76DRQsaGdXAbAz40WnyMGQayQQ==',1,0,1433396002,1433396002),(413,115,1000054,1000070,24,'jOgE8gqvBKMVwLEF4AQnCw==',1,0,1433396019,1433396019),(414,115,1000070,1000054,25,'UfzXvp0AtEnnLxJc320O+g==',1,0,1433396034,1433396034),(415,115,1000070,1000054,26,'mat28KvoWxDee1Et46fD2w==',1,0,1433396039,1433396039),(416,115,1000070,1000054,27,'5maXY+6rf7c74gGtBvmnDw==',1,0,1433396067,1433396067),(417,115,1000070,1000054,28,'XWaXa2vevGm7c9fGKm5hfh298cOmySN+Wva2AlcDmdkUaAP1cBh27z3t/OTh76DRQsaGdXAbAz40WnyMGQayQQ==',1,0,1433396288,1433396288),(418,115,1000070,1000054,29,'XWaXa2vevGm7c9fGKm5hfh298cOmySN+Wva2AlcDmdkUaAP1cBh27z3t/OTh76DRQsaGdXAbAz40WnyMGQayQQ==',1,0,1433396780,1433396780),(419,115,1000070,1000054,30,'XWaXa2vevGm7c9fGKm5hfh298cOmySN+Wva2AlcDmdkUaAP1cBh27z3t/OTh76DRQsaGdXAbAz40WnyMGQayQQ==',1,0,1433396838,1433396838),(420,115,1000054,1000070,31,'+F5byOmh0apuem4/4NsBaQ==',1,0,1433396875,1433396875),(421,115,1000054,1000070,32,'JypwfPqgZxOsD6UBSKp78VzIdZRUsFN9eOwYZegap80=',1,0,1433396880,1433396880),(422,115,1000070,1000054,33,'XWaXa2vevGm7c9fGKm5hfh298cOmySN+Wva2AlcDmdkUaAP1cBh27z3t/OTh76DRQsaGdXAbAz40WnyMGQayQQ==',1,0,1433396935,1433396935),(423,115,1000070,1000054,34,'XWaXa2vevGm7c9fGKm5hfh298cOmySN+Wva2AlcDmdkUaAP1cBh27z3t/OTh76DRQsaGdXAbAz40WnyMGQayQQ==',1,0,1433396978,1433396978),(424,115,1000070,1000054,35,'XWaXa2vevGm7c9fGKm5hfh298cOmySN+Wva2AlcDmdkUaAP1cBh27z3t/OTh76DRQsaGdXAbAz40WnyMGQayQQ==',1,0,1433397084,1433397084),(425,115,1000070,1000054,36,'XWaXa2vevGm7c9fGKm5hfh298cOmySN+Wva2AlcDmdkUaAP1cBh27z3t/OTh76DRQsaGdXAbAz40WnyMGQayQQ==',1,0,1433398379,1433398379),(426,123,1000054,1000062,1,'XWaXa2vevGm7c9fGKm5hfh298cOmySN+Wva2AlcDmdkUaAP1cBh27z3t/OTh76DRQsaGdXAbAz40WnyMGQayQQ==',1,0,1433411403,1433411403);
/*!40000 ALTER TABLE `IMMessage_3` ENABLE KEYS */;
UNLOCK TABLES;

--
-- Table structure for table `IMMessage_4`
--

DROP TABLE IF EXISTS `IMMessage_4`;
/*!40101 SET @saved_cs_client     = @@character_set_client */;
/*!40101 SET character_set_client = utf8 */;
CREATE TABLE `IMMessage_4` (
  `id` int(11) NOT NULL AUTO_INCREMENT,
  `relateId` int(11) unsigned NOT NULL COMMENT '用户的关系id',
  `fromId` int(11) unsigned NOT NULL COMMENT '发送用户的id',
  `toId` int(11) unsigned NOT NULL COMMENT '接收用户的id',
  `msgId` int(11) unsigned NOT NULL COMMENT '消息ID',
  `content` varchar(4096) COLLATE utf8mb4_bin DEFAULT '' COMMENT '消息内容',
  `type` tinyint(2) unsigned NOT NULL DEFAULT '1' COMMENT '消息类型',
  `status` tinyint(1) unsigned NOT NULL DEFAULT '0' COMMENT '0正常 1被删除',
  `updated` int(11) unsigned NOT NULL COMMENT '更新时间',
  `created` int(11) unsigned NOT NULL COMMENT '创建时间',
  PRIMARY KEY (`id`),
  KEY `idx_relateId_status_created` (`relateId`,`status`,`created`),
  KEY `idx_relateId_status_msgId_created` (`relateId`,`status`,`msgId`,`created`),
  KEY `idx_fromId_toId_created` (`fromId`,`toId`,`status`)
) ENGINE=InnoDB AUTO_INCREMENT=662 DEFAULT CHARSET=utf8mb4 COLLATE=utf8mb4_bin;
/*!40101 SET character_set_client = @saved_cs_client */;

--
-- Dumping data for table `IMMessage_4`
--

LOCK TABLES `IMMessage_4` WRITE;
/*!40000 ALTER TABLE `IMMessage_4` DISABLE KEYS */;
INSERT INTO `IMMessage_4` VALUES (645,116,1000069,1000068,1,'XIH9hVt5ajmMG7HBXi6ZeQ==',1,0,1433388830,1433388830),(646,116,1000068,1000069,2,'TwD40uVSWPxCuLVFRFdMWg==',1,0,1433389555,1433389555),(647,116,1000068,1000069,3,'VusOCZv3MgK7jb94kbTFaw==',1,0,1433405872,1433405872),(648,116,1000069,1000068,4,'Ebl/89Q6aCqb6h7cuwz80A==',1,0,1433410300,1433410300),(649,124,1000054,1000076,1,'XWaXa2vevGm7c9fGKm5hfh298cOmySN+Wva2AlcDmdkUaAP1cBh27z3t/OTh76DRQsaGdXAbAz40WnyMGQayQQ==',1,0,1433411502,1433411502),(650,124,1000054,1000076,2,'XWaXa2vevGm7c9fGKm5hfh298cOmySN+Wva2AlcDmdkUaAP1cBh27z3t/OTh76DRQsaGdXAbAz40WnyMGQayQQ==',1,0,1433411662,1433411662),(651,124,1000054,1000076,3,'XWaXa2vevGm7c9fGKm5hfh298cOmySN+Wva2AlcDmdkUaAP1cBh27z3t/OTh76DRQsaGdXAbAz40WnyMGQayQQ==',1,0,1433411821,1433411821),(652,124,1000054,1000076,4,'e/An9i3Lt8N0T3BMyUVq4g==',1,0,1433412616,1433412616),(653,124,1000054,1000076,5,'x888Wj0SzUW8pUcJ9TY2qi6WvTP0ZsaBWdxVOB3QEtA=',1,0,1433412633,1433412633),(654,124,1000054,1000076,6,'XosfWxjOWeC1H3FyuSIL7Q==',1,0,1433412644,1433412644),(655,124,1000054,1000076,7,'Xg3lqRAFccNVanih4G7+kA==',1,0,1433412648,1433412648),(656,124,1000054,1000076,8,'XWaXa2vevGm7c9fGKm5hfh298cOmySN+Wva2AlcDmdkUaAP1cBh27z3t/OTh76DRQsaGdXAbAz40WnyMGQayQQ==',1,0,1433413691,1433413691),(657,124,1000054,1000076,9,'XWaXa2vevGm7c9fGKm5hfh298cOmySN+Wva2AlcDmdkUaAP1cBh27z3t/OTh76DRQsaGdXAbAz40WnyMGQayQQ==',1,0,1433416237,1433416237),(658,124,1000054,1000076,10,'XWaXa2vevGm7c9fGKm5hfh298cOmySN+Wva2AlcDmdkUaAP1cBh27z3t/OTh76DRQsaGdXAbAz40WnyMGQayQQ==',1,0,1433416279,1433416279),(659,124,1000054,1000076,11,'XWaXa2vevGm7c9fGKm5hfh298cOmySN+Wva2AlcDmdkUaAP1cBh27z3t/OTh76DRQsaGdXAbAz40WnyMGQayQQ==',1,0,1433416327,1433416327),(660,124,1000054,1000076,12,'XWaXa2vevGm7c9fGKm5hfh298cOmySN+Wva2AlcDmdkUaAP1cBh27z3t/OTh76DRQsaGdXAbAz40WnyMGQayQQ==',1,0,1433416378,1433416378),(661,124,1000054,1000076,13,'XWaXa2vevGm7c9fGKm5hfh298cOmySN+Wva2AlcDmdkUaAP1cBh27z3t/OTh76DRQsaGdXAbAz40WnyMGQayQQ==',1,0,1433416850,1433416850);
/*!40000 ALTER TABLE `IMMessage_4` ENABLE KEYS */;
UNLOCK TABLES;

--
-- Table structure for table `IMMessage_5`
--

DROP TABLE IF EXISTS `IMMessage_5`;
/*!40101 SET @saved_cs_client     = @@character_set_client */;
/*!40101 SET character_set_client = utf8 */;
CREATE TABLE `IMMessage_5` (
  `id` int(11) NOT NULL AUTO_INCREMENT,
  `relateId` int(11) unsigned NOT NULL COMMENT '用户的关系id',
  `fromId` int(11) unsigned NOT NULL COMMENT '发送用户的id',
  `toId` int(11) unsigned NOT NULL COMMENT '接收用户的id',
  `msgId` int(11) unsigned NOT NULL COMMENT '消息ID',
  `content` varchar(4096) COLLATE utf8mb4_bin DEFAULT '' COMMENT '消息内容',
  `type` tinyint(2) unsigned NOT NULL DEFAULT '1' COMMENT '消息类型',
  `status` tinyint(1) unsigned NOT NULL DEFAULT '0' COMMENT '0正常 1被删除',
  `updated` int(11) unsigned NOT NULL COMMENT '更新时间',
  `created` int(11) unsigned NOT NULL COMMENT '创建时间',
  PRIMARY KEY (`id`),
  KEY `idx_relateId_status_created` (`relateId`,`status`,`created`),
  KEY `idx_relateId_status_msgId_created` (`relateId`,`status`,`msgId`,`created`),
  KEY `idx_fromId_toId_created` (`fromId`,`toId`,`status`)
) ENGINE=InnoDB AUTO_INCREMENT=190 DEFAULT CHARSET=utf8mb4 COLLATE=utf8mb4_bin;
/*!40101 SET character_set_client = @saved_cs_client */;

--
-- Dumping data for table `IMMessage_5`
--

LOCK TABLES `IMMessage_5` WRITE;
/*!40000 ALTER TABLE `IMMessage_5` DISABLE KEYS */;
INSERT INTO `IMMessage_5` VALUES (180,117,1000059,1000057,1,'3mZspUW88LVBiIjFktrWIg==',1,0,1433390455,1433390455),(181,117,1000057,1000059,2,'gg6zvGGF42JeU1OqzPTG+Q==',1,0,1433398513,1433398513),(182,117,1000057,1000059,3,'xr2j2RkWdBHvdTrXILtmmg==',1,0,1433398536,1433398536),(183,117,1000057,1000059,4,'gg6zvGGF42JeU1OqzPTG+Q==',1,0,1433399097,1433399097),(184,117,1000059,1000057,5,'XWaXa2vevGm7c9fGKm5hfh298cOmySN+Wva2AlcDmdkUaAP1cBh27z3t/OTh76DRQsaGdXAbAz40WnyMGQayQQ==',1,0,1433407169,1433407169),(185,117,1000059,1000057,6,'0nzp6rWsVjZe3tKg0dvFMA==',1,0,1433408365,1433408365),(186,117,1000057,1000059,7,'WCU7OSAmzWhBmSL2y0swyA==',1,0,1433408396,1433408396),(187,117,1000059,1000057,8,'L9hZTlUPyUqbghRy27kCpeUdvYYBJh35zUQ3noaRGcyELu00wU0DsYccaNXLSZ5v',1,0,1433411274,1433411274),(188,117,1000057,1000059,9,'ULef1FHrzL2PkNiU/jR0Rw==',1,0,1433411652,1433411652),(189,125,1000068,1000054,1,'Ia1L1qwtOaQO3rHpgB4JBrj3TD76R/rj7QiPfU5hnI9MZWH5/RADsQj7bSTvv9Qa+E9apATuXo6zzperPqs8VA==',1,0,1433412951,1433412951);
/*!40000 ALTER TABLE `IMMessage_5` ENABLE KEYS */;
UNLOCK TABLES;

--
-- Table structure for table `IMMessage_6`
--

DROP TABLE IF EXISTS `IMMessage_6`;
/*!40101 SET @saved_cs_client     = @@character_set_client */;
/*!40101 SET character_set_client = utf8 */;
CREATE TABLE `IMMessage_6` (
  `id` int(11) NOT NULL AUTO_INCREMENT,
  `relateId` int(11) unsigned NOT NULL COMMENT '用户的关系id',
  `fromId` int(11) unsigned NOT NULL COMMENT '发送用户的id',
  `toId` int(11) unsigned NOT NULL COMMENT '接收用户的id',
  `msgId` int(11) unsigned NOT NULL COMMENT '消息ID',
  `content` varchar(4096) COLLATE utf8mb4_bin DEFAULT '' COMMENT '消息内容',
  `type` tinyint(2) unsigned NOT NULL DEFAULT '1' COMMENT '消息类型',
  `status` tinyint(1) unsigned NOT NULL DEFAULT '0' COMMENT '0正常 1被删除',
  `updated` int(11) unsigned NOT NULL COMMENT '更新时间',
  `created` int(11) unsigned NOT NULL COMMENT '创建时间',
  PRIMARY KEY (`id`),
  KEY `idx_relateId_status_created` (`relateId`,`status`,`created`),
  KEY `idx_relateId_status_msgId_created` (`relateId`,`status`,`msgId`,`created`),
  KEY `idx_fromId_toId_created` (`fromId`,`toId`,`status`)
) ENGINE=InnoDB AUTO_INCREMENT=167 DEFAULT CHARSET=utf8mb4 COLLATE=utf8mb4_bin;
/*!40101 SET character_set_client = @saved_cs_client */;

--
-- Dumping data for table `IMMessage_6`
--

LOCK TABLES `IMMessage_6` WRITE;
/*!40000 ALTER TABLE `IMMessage_6` DISABLE KEYS */;
INSERT INTO `IMMessage_6` VALUES (159,118,1000067,1000054,1,'XWaXa2vevGm7c9fGKm5hfh298cOmySN+Wva2AlcDmdkUaAP1cBh27z3t/OTh76DRQsaGdXAbAz40WnyMGQayQQ==',1,0,1433397836,1433397836),(160,118,1000054,1000067,2,'fRGEnEB7DV9AXkWEr8BHxA==',1,0,1433398408,1433398408),(161,118,1000054,1000067,3,'XWaXa2vevGm7c9fGKm5hfh298cOmySN+Wva2AlcDmdkUaAP1cBh27z3t/OTh76DRQsaGdXAbAz40WnyMGQayQQ==',1,0,1433399877,1433399877),(162,118,1000054,1000067,4,'XWaXa2vevGm7c9fGKm5hfh298cOmySN+Wva2AlcDmdkUaAP1cBh27z3t/OTh76DRQsaGdXAbAz40WnyMGQayQQ==',1,0,1433399900,1433399900),(163,118,1000067,1000054,5,'XWaXa2vevGm7c9fGKm5hfh298cOmySN+Wva2AlcDmdkUaAP1cBh27z3t/OTh76DRQsaGdXAbAz40WnyMGQayQQ==',1,0,1433399967,1433399967),(164,118,1000054,1000067,6,'XWaXa2vevGm7c9fGKm5hfh298cOmySN+Wva2AlcDmdkUaAP1cBh27z3t/OTh76DRQsaGdXAbAz40WnyMGQayQQ==',1,0,1433400011,1433400011),(165,118,1000067,1000054,7,'BOag9a/qh6hQWpM8i+ELR0kglBmzIeTSFT1VGzRVqu1LuLk3Z1IeZZlX0iK2hNeT7DJu2T5JZBw37pgRxA6PNgRJXStBUCs17orAiGTKVunNannmGoSJG3jEPmb5CkhuKgSZa1GNYRdbAawIpst0UA==',1,0,1433401560,1433401560),(166,118,1000054,1000067,8,'XWaXa2vevGm7c9fGKm5hfh298cOmySN+Wva2AlcDmdkUaAP1cBh27z3t/OTh76DRQsaGdXAbAz40WnyMGQayQQ==',1,0,1433401659,1433401659);
/*!40000 ALTER TABLE `IMMessage_6` ENABLE KEYS */;
UNLOCK TABLES;

--
-- Table structure for table `IMMessage_7`
--

DROP TABLE IF EXISTS `IMMessage_7`;
/*!40101 SET @saved_cs_client     = @@character_set_client */;
/*!40101 SET character_set_client = utf8 */;
CREATE TABLE `IMMessage_7` (
  `id` int(11) NOT NULL AUTO_INCREMENT,
  `relateId` int(11) unsigned NOT NULL COMMENT '用户的关系id',
  `fromId` int(11) unsigned NOT NULL COMMENT '发送用户的id',
  `toId` int(11) unsigned NOT NULL COMMENT '接收用户的id',
  `msgId` int(11) unsigned NOT NULL COMMENT '消息ID',
  `content` varchar(4096) COLLATE utf8mb4_bin DEFAULT '' COMMENT '消息内容',
  `type` tinyint(2) unsigned NOT NULL DEFAULT '1' COMMENT '消息类型',
  `status` tinyint(1) unsigned NOT NULL DEFAULT '0' COMMENT '0正常 1被删除',
  `updated` int(11) unsigned NOT NULL COMMENT '更新时间',
  `created` int(11) unsigned NOT NULL COMMENT '创建时间',
  PRIMARY KEY (`id`),
  KEY `idx_relateId_status_created` (`relateId`,`status`,`created`),
  KEY `idx_relateId_status_msgId_created` (`relateId`,`status`,`msgId`,`created`),
  KEY `idx_fromId_toId_created` (`fromId`,`toId`,`status`)
) ENGINE=InnoDB AUTO_INCREMENT=172 DEFAULT CHARSET=utf8mb4 COLLATE=utf8mb4_bin;
/*!40101 SET character_set_client = @saved_cs_client */;

--
-- Dumping data for table `IMMessage_7`
--

LOCK TABLES `IMMessage_7` WRITE;
/*!40000 ALTER TABLE `IMMessage_7` DISABLE KEYS */;
INSERT INTO `IMMessage_7` VALUES (169,119,1000057,1000073,1,'Ia1L1qwtOaQO3rHpgB4JBrj3TD76R/rj7QiPfU5hnI9MZWH5/RADsQj7bSTvv9Qa+E9apATuXo6zzperPqs8VA==',1,0,1433399233,1433399233),(170,119,1000057,1000073,2,'5yieT4euZEnqqQ6iaaFKDg==',1,0,1433399255,1433399255),(171,119,1000057,1000073,3,'dgjzZcuwYVvgiMtBlzoa8QBuHrDUhN55uFCr16AkcUJhau5dXArQW6hU9z1tS4gOmWJ5+UW3NNTu7blxwTcR3Y9X8FjTIJ2KSpQ36weBi+YQCQ+8OmkpMJ7igw3npWKu',1,0,1433399302,1433399302);
/*!40000 ALTER TABLE `IMMessage_7` ENABLE KEYS */;
UNLOCK TABLES;

--
-- Table structure for table `IMRecentSession`
--

DROP TABLE IF EXISTS `IMRecentSession`;
/*!40101 SET @saved_cs_client     = @@character_set_client */;
/*!40101 SET character_set_client = utf8 */;
CREATE TABLE `IMRecentSession` (
  `id` int(11) NOT NULL AUTO_INCREMENT,
  `userId` int(11) unsigned NOT NULL COMMENT '用户id',
  `peerId` int(11) unsigned NOT NULL COMMENT '对方id',
  `type` tinyint(1) unsigned DEFAULT '0' COMMENT '类型，1-用户,2-群组',
  `status` tinyint(1) unsigned DEFAULT '0' COMMENT '用户:0-正常, 1-用户A删除,群组:0-正常, 1-被删除',
  `created` int(11) unsigned NOT NULL DEFAULT '0' COMMENT '创建时间',
  `updated` int(11) unsigned NOT NULL DEFAULT '0' COMMENT '更新时间',
  PRIMARY KEY (`id`),
  KEY `idx_userId_peerId_status_updated` (`userId`,`peerId`,`status`,`updated`),
  KEY `idx_userId_peerId_type` (`userId`,`peerId`,`type`)
) ENGINE=InnoDB AUTO_INCREMENT=611 DEFAULT CHARSET=utf8;
/*!40101 SET character_set_client = @saved_cs_client */;

--
-- Dumping data for table `IMRecentSession`
--

LOCK TABLES `IMRecentSession` WRITE;
/*!40000 ALTER TABLE `IMRecentSession` DISABLE KEYS */;
INSERT INTO `IMRecentSession` VALUES (514,1000068,262,2,0,1433385231,1433391225),(515,1000069,262,2,0,1433385232,1433391225),(516,1000056,264,2,0,1433385406,1433385563),(517,1000069,264,2,0,1433385408,1433385563),(518,1000070,266,2,1,1433385707,1433386090),(519,1000070,1000067,1,0,1433386418,1433387850),(520,1000067,1000070,1,0,1433386418,1433387850),(521,1000067,267,2,0,1433386870,1433401678),(522,1000070,267,2,0,1433387875,1433401678),(523,1000070,1000054,1,0,1433388292,1433398379),(524,1000054,1000070,1,1,1433388292,1433415002),(525,1000069,1000068,1,0,1433388830,1433410300),(526,1000068,1000069,1,0,1433388830,1433410300),(527,1000056,262,2,0,1433389658,1433391225),(528,1000070,262,2,0,1433389658,1433391225),(529,1000059,1000057,1,0,1433390455,1433411652),(530,1000057,1000059,1,0,1433390455,1433411652),(531,1000069,285,2,0,1433391885,1433405865),(532,1000057,273,2,0,1433396325,1433406165),(533,1000073,273,2,0,1433396900,1433406165),(534,1000059,273,2,0,1433396904,1433406165),(535,1000059,276,2,0,1433397355,1433397355),(536,1000057,276,2,0,1433397357,1433397357),(537,1000057,254,2,0,1433397538,1433413290),(538,1000070,254,2,0,1433397541,1433413290),(539,1000069,289,2,0,1433397800,1433409872),(540,1000070,265,2,0,1433397812,1433397819),(541,1000069,265,2,0,1433397813,1433397819),(542,1000067,1000054,1,0,1433397836,1433401659),(543,1000054,1000067,1,1,1433397836,1433415003),(544,1000059,286,2,0,1433398092,1433398092),(545,1000069,286,2,0,1433398093,1433398092),(546,1000057,290,2,0,1433398744,1433398744),(547,1000057,291,2,0,1433398997,1433402732),(548,1000057,1000073,1,0,1433399233,1433399302),(549,1000073,1000057,1,0,1433399233,1433399302),(550,1000072,293,2,0,1433399603,1433406179),(551,1000072,296,2,0,1433400028,1433400028),(552,1000072,300,2,0,1433400760,1433400760),(553,1000066,273,2,0,1433400947,1433406165),(554,1000060,267,2,0,1433401185,1433401678),(555,1000074,275,2,0,1433401316,1433412500),(556,1000069,275,2,0,1433401319,1433412500),(557,1000072,275,2,0,1433401319,1433412500),(558,1000072,291,2,0,1433401332,1433402732),(559,1000067,268,2,0,1433401371,1433414083),(560,1000054,268,2,1,1433401372,1433414353),(561,1000067,272,2,0,1433401410,1433412405),(562,1000054,272,2,1,1433401412,1433415028),(563,1000059,291,2,0,1433401673,1433402732),(564,1000073,291,2,0,1433401677,1433402732),(565,1000054,267,2,1,1433401678,1433415029),(566,1000054,1000077,1,1,1433402451,1433415001),(567,1000077,1000054,1,0,1433402451,1433405780),(568,1000072,273,2,0,1433402539,1433406165),(569,1000055,303,2,0,1433402674,1433413063),(570,1000068,285,2,1,1433405865,1433411360),(571,1000071,285,2,1,1433405866,1433411884),(572,1000060,293,2,0,1433406180,1433406179),(573,1000066,293,2,0,1433406180,1433406179),(574,1000070,293,2,0,1433406180,1433406179),(575,1000073,293,2,0,1433406180,1433406179),(576,1000056,284,2,0,1433406657,1433414318),(577,1000056,283,2,0,1433407046,1433410509),(578,1000059,283,2,0,1433407049,1433410509),(579,1000056,1000059,1,0,1433407095,1433407150),(580,1000059,1000056,1,0,1433407095,1433407150),(581,1000057,292,2,0,1433408119,1433408119),(582,1000073,254,2,0,1433408324,1433413290),(583,1000059,254,2,0,1433408361,1433413290),(584,1000059,284,2,0,1433408522,1433414318),(585,1000056,1000083,1,0,1433408541,1433409485),(586,1000083,1000056,1,0,1433408541,1433409485),(587,1000057,284,2,0,1433408564,1433414318),(588,1000064,284,2,0,1433408990,1433414318),(589,1000072,284,2,0,1433408990,1433414318),(590,1000064,289,2,0,1433409872,1433409872),(591,1000068,289,2,0,1433409876,1433409876),(592,1000057,283,2,0,1433410513,1433410513),(593,1000064,283,2,0,1433410513,1433410513),(594,1000072,283,2,0,1433410513,1433410513),(595,1000083,283,2,0,1433410513,1433410513),(596,1000054,1000062,1,1,1433411403,1433415000),(597,1000062,1000054,1,0,1433411403,1433411403),(598,1000072,307,2,0,1433411433,1433411792),(599,1000054,1000076,1,0,1433411502,1433416850),(600,1000076,1000054,1,0,1433411502,1433416850),(601,1000066,308,2,0,1433411746,1433411793),(602,1000059,307,2,0,1433411775,1433411792),(603,1000068,1000054,1,0,1433412951,1433412951),(604,1000054,1000068,1,1,1433412951,1433415000),(605,1000068,313,2,0,1433412965,1433413310),(606,1000054,313,2,0,1433412966,1433413310),(607,1000082,284,2,0,1433414208,1433414318),(608,1000076,317,2,0,1433414931,1433414975),(609,1000054,317,2,0,1433414935,1433414975),(610,1000054,318,2,0,1433415960,1433415960);
/*!40000 ALTER TABLE `IMRecentSession` ENABLE KEYS */;
UNLOCK TABLES;

--
-- Table structure for table `IMRelationShip`
--

DROP TABLE IF EXISTS `IMRelationShip`;
/*!40101 SET @saved_cs_client     = @@character_set_client */;
/*!40101 SET character_set_client = utf8 */;
CREATE TABLE `IMRelationShip` (
  `id` int(11) NOT NULL AUTO_INCREMENT,
  `smallId` int(11) unsigned NOT NULL COMMENT '用户A的id',
  `bigId` int(11) unsigned NOT NULL COMMENT '用户B的id',
  `status` tinyint(1) unsigned DEFAULT '0' COMMENT '用户:0-正常, 1-用户A删除,群组:0-正常, 1-被删除',
  `created` int(11) unsigned NOT NULL DEFAULT '0' COMMENT '创建时间',
  `updated` int(11) unsigned NOT NULL DEFAULT '0' COMMENT '更新时间',
  PRIMARY KEY (`id`),
  KEY `idx_smallId_bigId_status_updated` (`smallId`,`bigId`,`status`,`updated`)
) ENGINE=InnoDB AUTO_INCREMENT=126 DEFAULT CHARSET=utf8;
/*!40101 SET character_set_client = @saved_cs_client */;

--
-- Dumping data for table `IMRelationShip`
--

LOCK TABLES `IMRelationShip` WRITE;
/*!40000 ALTER TABLE `IMRelationShip` DISABLE KEYS */;
INSERT INTO `IMRelationShip` VALUES (114,1000067,1000070,0,1433386418,1433386418),(115,1000054,1000070,0,1433388292,1433388292),(116,1000068,1000069,0,1433388830,1433388830),(117,1000057,1000059,0,1433390455,1433390455),(118,1000054,1000067,0,1433397836,1433397836),(119,1000057,1000073,0,1433399233,1433399233),(120,1000054,1000077,0,1433402451,1433402451),(121,1000056,1000059,0,1433407095,1433407095),(122,1000056,1000083,0,1433408541,1433408541),(123,1000054,1000062,0,1433411403,1433411403),(124,1000054,1000076,0,1433411502,1433411502),(125,1000054,1000068,0,1433412951,1433412951);
/*!40000 ALTER TABLE `IMRelationShip` ENABLE KEYS */;
UNLOCK TABLES;

--
-- Table structure for table `IMReportGroup`
--

DROP TABLE IF EXISTS `IMReportGroup`;
/*!40101 SET @saved_cs_client     = @@character_set_client */;
/*!40101 SET character_set_client = utf8 */;
CREATE TABLE `IMReportGroup` (
  `id` int(10) unsigned NOT NULL AUTO_INCREMENT,
  `uid` int(11) NOT NULL,
  `groupid` int(11) NOT NULL,
  `reasonid` int(11) NOT NULL,
  `ReportReason` varchar(450) CHARACTER SET latin1 NOT NULL,
  PRIMARY KEY (`id`) USING BTREE
) ENGINE=InnoDB AUTO_INCREMENT=10 DEFAULT CHARSET=utf8;
/*!40101 SET character_set_client = @saved_cs_client */;

--
-- Dumping data for table `IMReportGroup`
--

LOCK TABLES `IMReportGroup` WRITE;
/*!40000 ALTER TABLE `IMReportGroup` DISABLE KEYS */;
INSERT INTO `IMReportGroup` VALUES (8,1000067,1000054,1,''),(9,1000066,1000073,2,'');
/*!40000 ALTER TABLE `IMReportGroup` ENABLE KEYS */;
UNLOCK TABLES;

--
-- Table structure for table `IMReportPerson`
--

DROP TABLE IF EXISTS `IMReportPerson`;
/*!40101 SET @saved_cs_client     = @@character_set_client */;
/*!40101 SET character_set_client = utf8 */;
CREATE TABLE `IMReportPerson` (
  `id` int(11) NOT NULL AUTO_INCREMENT,
  `uid` int(32) NOT NULL,
  `oid` int(32) NOT NULL,
  `reason` varchar(450) CHARACTER SET latin1 NOT NULL,
  PRIMARY KEY (`id`)
) ENGINE=InnoDB AUTO_INCREMENT=10 DEFAULT CHARSET=utf8;
/*!40101 SET character_set_client = @saved_cs_client */;

--
-- Dumping data for table `IMReportPerson`
--

LOCK TABLES `IMReportPerson` WRITE;
/*!40000 ALTER TABLE `IMReportPerson` DISABLE KEYS */;
INSERT INTO `IMReportPerson` VALUES (9,1000067,1000054,'1');
/*!40000 ALTER TABLE `IMReportPerson` ENABLE KEYS */;
UNLOCK TABLES;

--
-- Table structure for table `IMStory`
--

DROP TABLE IF EXISTS `IMStory`;
/*!40101 SET @saved_cs_client     = @@character_set_client */;
/*!40101 SET character_set_client = utf8 */;
CREATE TABLE `IMStory` (
  `id` int(10) unsigned NOT NULL AUTO_INCREMENT,
  `title` varchar(32) CHARACTER SET utf8mb4 NOT NULL,
  `creatorid` int(11) NOT NULL,
  `creatorname` varchar(32) CHARACTER SET utf8mb4 NOT NULL,
  `portrait` varchar(256) CHARACTER SET utf8mb4 NOT NULL,
  `praisenum` int(11) NOT NULL,
  `intro` varchar(256) CHARACTER SET utf8mb4 NOT NULL,
  `token` varchar(256) CHARACTER SET utf8mb4 NOT NULL,
  `updated` int(11) NOT NULL,
  `guid` varchar(256) CHARACTER SET latin1 NOT NULL,
  `copyright` varchar(256) CHARACTER SET utf8mb4 NOT NULL,
  `section` varchar(256) CHARACTER SET utf8mb4 NOT NULL,
  `type` varchar(10) CHARACTER SET utf8mb4 NOT NULL,
  `selfstory` int(32) NOT NULL,
  `createtime` int(11) NOT NULL,
  `version` int(11) NOT NULL,
  `category` varchar(256) CHARACTER SET utf8mb4 NOT NULL,
  `groupid` varchar(256) CHARACTER SET latin1 NOT NULL,
  `content` varchar(512) CHARACTER SET utf8mb4 NOT NULL,
  `rule` varchar(256) CHARACTER SET utf8mb4 NOT NULL,
  `permission` int(11) NOT NULL,
  PRIMARY KEY (`id`) USING BTREE
) ENGINE=InnoDB AUTO_INCREMENT=128 DEFAULT CHARSET=utf8;
/*!40101 SET character_set_client = @saved_cs_client */;

--
-- Dumping data for table `IMStory`
--

LOCK TABLES `IMStory` WRITE;
/*!40000 ALTER TABLE `IMStory` DISABLE KEYS */;
INSERT INTO `IMStory` VALUES (82,'何以笙箫默',1000057,'语戏—夏夏','',1,'','',0,'','','','',1,1433380335,0,'','','何以琛 赵默笙','',0),(83,'凌晨，意外收获',1000062,'','http://cosimage.b0.upaiyun.com/2015/6/1433381755499_581000_778000.jpg',0,'','',0,'','','','',1,1433381762,0,'','','纠缠不清的旧情人是最令人厌烦的一种人','',0),(84,'你有没有梦想',1000060,'初遇','http://cosimage.b0.upaiyun.com/youxi/1000060_201506040941567.png',1,'','',0,'','','','',1,1433382088,0,'','','我知道我没那么优秀 但是我有梦想 并且一直在努力','',0),(85,'古风自戏——武林盟主与魔教教主兄弟相见',1000057,'夏夏','http://cosimage.b0.upaiyun.com/youxi/1000057_201506041005566.png',0,'','',0,'','','','',1,1433383530,0,'','','戏梗：两兄弟因盟主之位反目，弟背弃世家投靠邪教，兄继位盟主，六年后相见。\n\n    掌中暗纹香折一阖收入怀中，檐下看得丛间水汽氤氲，胸抑郁所见，由旁侍提气小声躬身请命依旧不做回应，既知当初种下此因，便决定亲自尝现今之果。片帛只字藏于鹰喙，雄鹰翅展循向而去。\n    运气轻身，雨打遮帘锦袍风中鼓舞，于峰俯瞰涧中雕镂隐现，凌烈山风厉耳不及眸中霜寒，踏一步，脚下地脉传动，亲临以告。不消通报，玄门洞开，足踏青砖微震。\n夜缒而出，幽处之音循望，指骨握剑鞘收紧，珩温传入掌心转热，不假以色，遂展颜笑望。\n   “吾弟可好？”\n    经年未见，心下悦容相对，豪气却阴暗，寒光复温转。\n立身殿中，举目一子稳位高高，清朗音容本记往昔，现下陌潦。所谓天道无常，是命不可琢磨，父尝言，敬而不畏，然人之所畏，不可不谓，吾襟如此却是往时所作，只叹一句造化弄人。\n   “和大怨，必有馀怨，安可以为善？”子镜湖之目雾气藏饰，恨意渐现，沉声中气吐字掷地，无消姿态，来意只字相告。\n    鉴以近年行事，心已了其片言怎听劝，杯盏破空，厉声已闻，未入眼消身形，一步丈余瞬身于人眼前，衣袂缓落，栖身制人在座，寒锋出鞘，近寸封喉。薄唇轻启，音掺五分内力镇人','',0),(86,'黑帮日记--《关于海滨别墅二期开发建设》',1000057,'夏夏','http://cosimage.b0.upaiyun.com/youxi/1000057_201506041018196.png',1,'','',0,'','','','',1,1433384316,0,'','','2014年10月28日\n《关于海滨别墅二期开发建设》\n    最新一期的市场调研已经做好，新进公司的几个大学毕业生对于A市地产市场信息进行了系统的收集、整理、记录和分析，简洁详细的调研成果体现了几个新人的能力，可以观察一段时间，根据情况适当提升职位。\n    今天的董事会，对于首批工程投资项目，一屋子老大不小的股东争得面红耳赤。从地产市场的发展趋势，到研究预测，一个多小时的高谈阔论也没有辩出什么所以然来。面对这种局面，本想报以冷眼旁观的态度，可会议要这么开下去，公司岂不是要被这些不懂装懂的人吹垮了。\n    看来，以后应该禁止一些股东参加会议。要洗钱就老老实实的拿着票子滚蛋，道上大佬们的面子也不是这么往脸上贴。\n地产投资的成功是在于对土地价值的发现，价值和金钱都是一种观念，价值往往都处在波动之中，是宏观与微观的两种视界。港口与商业圈形成的生活圈落，为海滨别墅保证了人口活动，滨海风景、高档消费、便利交通，为别墅定位了居住人群。基于海滨别墅一期的成功，二期建设将不同于一期建筑风格，欧式典雅的建筑风格明显要比现代化科技感更受欢迎。近期将征集一些优秀的设计作品用于开发建设。\n文章作者:虞征','',0),(87,'黑帮日记--《所谓情人》',1000057,'夏夏','http://cosimage.b0.upaiyun.com/youxi/1000057_201506041022392.png',1,'','',0,'','','','',1,1433384526,0,'','','2014年10月29日\n    从跟他分手至今已经有4个月的时间，期间没有一通电话或是一则短信。分手的理由依然简单，腻了。本以为他是个明事的人，干脆的拿了钱，干脆的消失在视线里，于其他情人相比，如此的乖巧听话竟然让我有一瞬间的舍不得。\n4个月过的十分清静，但心如何也是静不下来，坤元与黑炎帮算是正式公开的捆绑在一起。\n虽然是双胞胎，以哥哥的身份接手黑炎，但毕竟是两个人，大相径庭的出事手段难免会让有心人怀疑。\n    不过，那又怎样？\n    谈合作的人越来越多，黑炎所得的非法收入在坤元手里摇身一变成了正大光明的合法收益，贪心的人多了，眼红的就更多。只是没有想到今天来“谈合作”的会是他罢了。\n    世界上也许真的有那么巧的事情，约定的地点是一座酒吧，乌托风的设计风格正是他的最爱。酒水、西装、香水，自己身上的一切竟然也都是他喜欢的。也许是Kirschwasser的性子太烈，当他出现在我面前时，心里还会有一丝燥热。西装革履配上挺拔的身形，完全不像是以前小混混的样子，虽然给他的分手费算是多的，但是想要入股坤元还是远远不够，看来这几个月小东西真的一点都没有闲着，不干不净的钱倒是赚了不少。\n只是照面简单的几句寒暄，大概便','',0),(88,'狂之一字',1000057,'夏夏','http://cosimage.b0.upaiyun.com/youxi/1000057_201506041031531.png',1,'','',0,'','','','',1,1433385073,0,'','','一道玻璃将一个空间隔开，温度之差使得人的心态起落，规律的机括声在安静的办公室回响，桌上咖啡热气袅袅，靠在沙发闭上双眼，“静夜里钟摆摇来的一片闲适，就听不见了你们四邻的呻吟。”闻一多的文字在脑海中慢慢浮现，主观上拒绝了光明，常年以来的心境就好像一潭死水。\n    繁忙生活中透出的闲暇分秒总是显得奢侈，也许是自己并不愿停下休息，机械的调动着身体机能，原本刻意尘封的记忆被名为“放松”的利刃温柔的划开撕裂。\n一个虚伪的男人，凶恶的伪装在人前人后换的随心自如，在自己不甚懂事的年纪，只有在冷月高悬时才能看到那个身影安静下来，灯光下微低的头，阴影中看不到任何表情，只有那句喃喃话语深刻烙印在心。\n    他似乎看到自己的心在胸腔中彷徨摇动，像一个钟摆。\n    父亲，自己怨恨过他，鄙视过他，不懂事的自己，总是疑惑为何一个温顺儒雅的男人在外人眼中是社会的毒瘤，可如今回神想来，是那时不懂事，还是现在不懂事？触目所及的落地钟，却是像极了那个人的身影。 \n    三岁时学会了写第一个，狂。犬字旁，一个王，疯，傲慢，目中无人。明明是形容人的字，却和狗画上联系。\n    “狗称不了王。”简短五个字却道尽如何走向成功之路，王为首，不倚仗，','',0),(89,'夏雨荷后宫之荷塘别墅',1000069,'SummerRC','http://cosimage.b0.upaiyun.com/youxi/1000069_201506041031751.png',1,'我是夏雨荷，这里我老大。','',1433385075,'60892ed5-a0e2-46c5-ac36-b16c6e53fea7','','','',0,1433385075,0,'0','262','','',0),(90,'自戏测试',1000056,'情侣裳','',1,'','',0,'','','','',1,1433385142,0,'','','蛇年大吉新款新娘','',0),(91,'黑炎帮主日记--《所谓情人》',1000057,'夏夏','http://cosimage.b0.upaiyun.com/youxi/1000057_201506041041555.png',0,'','',0,'','','','',1,1433385701,0,'','','2014年10月29日\n从跟他分手至今已经有4个月的时间，期间没有一通电话或是一则短信。分手的理由依然简单，腻了。本以为他是个明事的人，干脆的拿了钱，干脆的消失在视线里，于其他情人相比，如此的乖巧听话竟然让我有一瞬间的舍不得。\n4个月过的十分清静，但心如何也是静不下来，坤元与黑炎帮算是正式公开的捆绑在一起。\n虽然是双胞胎，以哥哥的身份接手黑炎，但毕竟是两个人，大相径庭的出事手段难免会让有心人怀疑。\n不过，那又怎样？\n谈合作的人越来越多，黑炎所得的非法收入在坤元手里摇身一变成了正大光明的合法收益，贪心的人多了，眼红的就更多。只是没有想到今天来“谈合作”的会是他罢了。\n世界上也许真的有那么巧的事情，约定的地点是一座酒吧，乌托风的设计风格正是他的最爱。酒水、西装、香水，自己身上的一切竟然也都是他喜欢的。也许是Kirschwasser的性子太烈，当他出现在我面前时，心里还会有一丝燥热。西装革履配上挺拔的身形，完全不像是以前小混混的样子，虽然给他的分手费算是多的，但是想要入股坤元还是远远不够，看来这几个月小东西真的一点都没有闲着，不干不净的钱倒是赚了不少。\n只是照面简单的几句寒暄，大概便猜到他的意思，洗钱，或者复合。二','',0),(92,'大明湖畔的皇上',1000069,'SummerRC','http://cosimage.b0.upaiyun.com/youxi/1000069_20150604104263.png',0,'忆往昔，顾过往','',1433385776,'f64660ca-0719-46e2-abad-29a876fbce9f','','','',0,1433385776,0,'0','265','','',0),(93,'黑炎帮主日记--《凌晨，意外收获》',1000057,'夏夏','http://cosimage.b0.upaiyun.com/youxi/1000057_201506041052604.png',0,'','',0,'','','','',1,1433386332,0,'','','2014年10月30日\n纠缠不清的旧情人是最令人厌烦的一种人，永远都不会摆正自己的位置，明明是看不到未来的一种关系，却还是对未来抱着美好又虚幻的期望。\n直到目送了火冒三丈的人离开，才发现一直搂着那个被自己临时拽来的挡箭牌。清秀的长相在这种地方怎么会不惹眼，没有刻意做作，高挑的身材在衣物下也看的出来绝对有料。探手在人身体上摸了一阵，见人也没有抗拒，索性拉着人出来酒吧塞进车里一路开回家。\n路上没有过多的言语，只是互相告知了姓名，看着人心里也好像明镜似的，倒是更勾起了自己的兴趣。两人都是心知肚明，没有任何废话，到了家连楼都没上，两个男人推搡着滚进宽大的沙发。一如自己的所料，紧实不夸张的肌肉像是带着吸力一般，触感柔韧光滑，饱满富有力量。韧性十足的腰弯折起来的毫不费力，修长的双腿颤抖着大开。温柔的性事自己向来不怎么喜欢，要的就是那种野性，从沙发滚到地板，暴胀的欲望在紧致的体内肆意驰骋。初经人事的地方表现的很是让人满意，稳稳的咬合力，恰到好处的收缩轻颤，难得的极品。\n也许该谢谢旧情人送来了新床伴，一场情事持续到凌晨才记起来那人的名字，陆越。\n不矫情，期待着以后的表现。\n文章作者:虞征','',0),(94,'黄增松自戏',1000067,'得志中山狼','http://cosimage.b0.upaiyun.com/2015/6/1433386342193_735000_980000.jpg',1,'','',0,'','','','',1,1433386382,0,'','','自戏详情','',0),(95,'现代自戏——杀人狂的自杀（弗朗西斯）',1000059,'哈哈','http://cosimage.b0.upaiyun.com/2015/6/1433385921461_433000_271000.jpg',0,'','',0,'','','','',1,1433386732,0,'','','颤抖着右手捏起水槽中的碎肉放在口中，带着鲜血筋肉嚼劲十足。上瘾一般疯狂的吃光碎肉，抬头看着镜子中的自己，连续三天没有合眼，布满血丝的双眼却看不出一点疲累。\r“哈哈哈哈哈…味道怎么样？是不是比自己想象的还要好？嘿嘿嘿…”对着镜子里的人，神经质的发出一串奇怪的笑声，面带得意的像镜中人展示着自己血淋淋的左手，一把小刀，疱光了左手上所有血肉，只剩森森白骨。虐杀了太多美好的事物依然满足不了扭曲的欲望，近几日里看着自己漂亮的双手，心中涌起的躁动更加凶猛。终于还是忍不住对自己下了手，烦躁不安的心情似乎找到了一个发泄口，疯狂的宣泄。\r“试一次？嗯？就试一次！只有一次，以后再没有机会了…对…这不是你一直所追求的吗…”对着镜子自说自话，这个想法无数次的从脑海里闪过，仅是仅存的那点人性自动否定了这种想法。可是如今只剩下满腔的冲动与期盼，脑中像是有机器在打桩一样，砰砰敲打着理智，诡异的笑声中，刀子移向颈动脉，脸上表情是疯狂的喜悦，右手已经兴奋到颤抖，却还是准确无误的割开了右侧颈动脉。“哈哈！哈哈哈哈哈哈！！！！”滚烫的鲜血从刀口喷出，看着镜中的人影体会着前所未有的快感，尽情享受血液喷搏而出带来的痛感与生命流逝的无力。对！就是这样！别','',0),(96,'母亲',1000055,'Se7en°浪不归','http://cosimage.b0.upaiyun.com/2015/6/1433386752858_125000_71000.jpg',0,'','',0,'','','','',1,1433386862,0,'','','   小的时候记不太清楚了，江韬只记得日记本上随波逐流的故事，写的感人肺腑，比如母亲知道自己发烧而一夜没有闭眼，等到自己醒来时清晰可见的红血丝，和苍老几倍憔悴的脸。\r   真的记不得了，哪怕现在也已经上了年纪，回想却还是模糊不清的记忆，只记得母亲瘦弱却坚强的肩膀背着自己，摇摇晃晃穿过寒冷的冬日，靴子深陷雪地的声音，高烧中江韬只记得这些了，再其他的怎么也想不起来。\r醒来的时候母亲并没有什么红血丝，只是拎着一小袋水果放在桌子上，坐在椅子接着垃圾篓削苹果皮，还格外炫耀的给江韬看了一眼从头到位都没有断过的皮，长长的拉成一条。\r   那个苹果的味道却记得很清楚，不多甜还挺酸，但是解渴所以一次性吃了两个。\r   后来，江韬再也没吃过这么好吃的苹果。\r  \r母亲过生日的那天，还在小学的江韬提前攒了一堆一毛一毛的钱，兜里揣着小心翼翼，放学了兴致冲冲的跑出学校到小卖铺，挑选了很久，本来想买母亲喜欢样子的贺卡，最后还是买成了黑色坦克的，塞进小书包拿回家偷偷摸摸，拿起笔在草稿纸下写下一段又一段的祝福语，最后才拿下决定，歪歪扭扭的2H中华铅笔写下了三行字。\r  “妈妈我爱你，生日快乐。\r  您的大宝贝儿子江韬。\r   妈妈你看在我这','',0),(97,'人鱼',1000055,'Se7en°浪不归','http://cosimage.b0.upaiyun.com/2015/6/1433386972895_58000_80000.jpg',0,'','',0,'','','','',1,1433387017,0,'','','巨浪滔天，与空中翻卷的墨色云团交相呼应，也是一种别样的海天一线。海底异世界不似童话中那般光景，真实总是能轻易粉碎幻想，昏暗、压抑而静谧，黑色礁岩耸立，激流穿过岩洞发出凄厉哀嚎，白皙双掌撑在海底悬崖顶端巨岩，墨色长发扬起，顺水流潺潺飘动，纤腰挺直拢膝端坐，肩颈弧线柔美。高挑身姿，墨色鱼尾泛着幽幽蓝光层层鳞片圆润丰满，宽大修长尾鳍薄纱缓缓摆动，秀挺双眉，鼻尖挺翘，犹如古希腊雕像般的五官眉宇间几分英气。不似其它人鱼拥有艳丽的鱼尾，性感明丽的脸庞，娇媚的歌喉，有的是过人的坚毅和勇气，不需要撒娇柔弱，学不会卖乖低头。轻拍岩峭拧动腰身，摆胯长尾游曳，速度渐快，额头顶破水面的一刹那水花乍起，巨大闪电划亮天际，双臂大张高扬下巴任雨水冲刷脸颊，水痕交错纵横丰满胸口直转而下。狭长双眼看着远处海水涡旋中扬起的风帆，薄唇轻启：“爱人，我的思念是，征服。”\n戏文作者：戮战','',0),(98,'现代自戏--变态的生活乐趣（弗朗西斯）',1000057,'夏夏','http://cosimage.b0.upaiyun.com/youxi/1000057_201506041110251.png',0,'','',0,'','','','',1,1433387402,0,'','','黑胶唱片旋转透过唱片机放着威尔第的歌剧，爱国英雄主义意念借着浪漫的旋律流传至今，令人恶心又痛心。靠在沙发上闭目挥手打着节拍，一副沉浸在优美歌剧中的样子。\n时间分秒而过，空间随着音乐的停止而回归宁静，性感的玫瑰花香下掩盖着使人蠢蠢欲动的血腥味，睁眼看向客厅内倒着悬挂的人，不再挣扎直挺挺的，也没了声响。起身慢踱上前，正下方的盆中已经盛满暗红色的液体，上面附着不可交融的黏状物。勾唇从人天灵盖儿和颈动脉处取下引流器，空壳一样的脑袋拍上去莫名的有手感。\n轻轻哼着朱塞佩·威尔第的《安魂曲》，动作优雅的带上胶皮手套，解下捆缚尸体的绳索，血大概已经放空，轻巧的扛起尸体去向厨房。壁橱里列着几套精致的刀具，灵动的指尖在刀柄上来回跳跃着，踌躇半晌才选定心爱的刀具。乒乓！锐器与钝物接触，优雅的屠夫绝对不允许切口带有任何瑕疵。满意的看着肢解好的尸体，蒙上保鲜膜确定密不透风之后装进行李箱。\n将屋内做好一番清理，把自己收拾整洁，笔挺修身的英式西装剪裁合体。拖着行李箱开车到快递公司，将箱子寄出。\n看眼手中写着收货人为封子铭的运单，折叠整齐收进手拿包，晴朗天气夜晚正如此时愉悦的心情，只差一杯产自墨西哥的龙舌兰，恬静惬意的生活也不过如此。一路驱','',0),(99,'航海主题自戏梗',1000055,'Se7en°浪不归','http://cosimage.b0.upaiyun.com/2015/6/1433387394227_180000_147000.jpg',0,'','',0,'','','','',1,1433387465,0,'','','【黑暗的深海水流暗涌，摇摆尾鳍肆意穿梭在沉船桅杆，错落的实木高柱成为游戏的道具，百无聊赖。梭子般尖锐鼻梁，满嘴虎刺獠牙，三刀月牙腮偶尔映衬穿透海域的阳光闪闪发亮。高耸的背鳍成小山状，优美背脊弧线，银白色身体足有近三米长。噌的自水下窜起，远处一尾肥胖海蛇勾引食欲，如发出的利剑冲去，张嘴狠狠咬合下颚。血腥散开，食欲大振，扭动身体几下吞入，满足悠悠晃开】大白鲨戮战，为你疯靡，下一个就是你。\n戏梗作者：戮战','',0),(100,'星际争霸',1000067,'得志中山狼','http://cosimage.b0.upaiyun.com/2015/6/1433387180904_735000_980000.jpg',0,'人族虫族神族，大展伸手','',1433387549,'d1403fed-96eb-4004-9c38-5da54107bf84','','','',0,1433387549,0,'11,3','268','','',0),(101,'测试清晰度',1000060,'初遇','http://cosimage.b0.upaiyun.com/youxi/1000060_201506041117746.png',0,'','',0,'','','','',1,1433387873,0,'','','清晰度','',0),(102,'百鬼夜行日风主题自戏梗',1000055,'Se7en°浪不归','http://cosimage.b0.upaiyun.com/2015/6/1433387820286_147000_113000.jpg',0,'','',0,'','','','',1,1433387877,0,'','','【是夜，安静的海平面突然缓缓泛起波澜，先是一个水滴晕开浅浅痕迹而后慢慢扩散……唰，一片火光，近海金红闪烁映照整个苍穹。火光中男女交缠的身影影影绰绰，丰乳肥臀的女人淫荡的姿势，无声的呻吟让人耳边也仿佛阵阵浪叫。粗壮男人的腰胯，巨大性器，好一张无声画卷如淫靡六道罪域情巢。水面炸开，一团红色火焰跃起，伸展双臂端坐虚空，火红和服映衬黑色碎发，赤裸的腹胸，精壮肌肉紧实成麦色。狭长双眼熠熠火光，探舌舔吻唇角】为你疯靡，不知火，戮战。欢迎参加王的盛宴\n戏文作者：戮战','',0),(103,'星际争霸',1000067,'得志中山狼','http://cosimage.b0.upaiyun.com/2015/6/1433388076179_735000_980000.jpg',0,'夏雨荷冲啊','',1433388098,'8c63444f-961f-424c-8ab1-563c73e9bbc5','','','',0,1433388098,0,'11,3','271','','',0),(104,'万圣节主题自戏梗',1000055,'Se7en°浪不归','http://cosimage.b0.upaiyun.com/2015/6/1433388129810_111000_142000.jpg',1,'','',0,'','','','',1,1433388229,0,'','','【混沌中看着自己身影，青烟一缕堪堪能看到之前高大身形和黑色碎发，故作潇洒双手捋上额头，手，穿了过去。扬起下巴，笑的挺难看，长长的黄泉路没有半个人影，想起生前多少人跟自己说过，奈何桥等三年，忘川岸守你来。言而无信，不仅仅因为变心，断了情，闭上眼睛，暗自反省。拿一世情深换三两渣骨，把爱剪碎了随风吹向大海，把自己碾成灰抛落碧落黄泉。仍剪不碎旧日的动人情怀，张开双手拥抱了无奈】为你疯靡，万圣节，鬼公关戮战。\n戏文作者：戮战','',0),(105,'小燕子与紫薇',1000069,'SummerRC','http://cosimage.b0.upaiyun.com/youxi/1000069_201506041127804.png',0,'大明湖','',1433388446,'f36c4e5b-5d32-4f73-8f52-3a761a0ffadc','','','',0,1433388446,0,'0','275','','',0),(106,'权利的谈判',1000059,'哈哈','http://cosimage.b0.upaiyun.com/2015/6/1433388229845_166000_115000.jpg',0,'简介：赌场老板连续被杀，凶手求总裁求保，后又要挟索要金钱。帮主与boss几经曲折终于见面。','',1433388491,'9cb0051b-6c47-424a-91ce-7616c963ca10','','','',0,1433388491,0,'12','276','','',0),(107,'权利的谈判',1000057,'夏夏','http://cosimage.b0.upaiyun.com/youxi/1000057_201506041128878.png',0,'赌场老板连续被杀，凶手求总裁求保，后又要挟索要金钱。帮主与boss几经曲折终于见面。','',1433388540,'5d727173-3090-4157-b4e4-969c12d483f6','','','',0,1433388540,0,'0','273','','',0),(108,'测试剧的类别',1000056,'情侣裳','http://cosimage.b0.upaiyun.com/2015/6/1433389791585_125000_78000.jpg',0,'当年超级超级大奖','',1433389804,'70b357c5-cf3d-4fdb-8caa-6a25f3f49849','','','',0,1433389804,0,'5,4','283','','',0),(109,'万圣节主题自戏梗',1000055,'Se7en°浪不归','http://cosimage.b0.upaiyun.com/2015/6/1433389926256_238000_256000.jpg',0,'','',0,'','','','',1,1433389973,0,'','','【侧躺懒懒享受屋顶阳光，刺眼的光线从树叶缝隙穿过洒下点点金光，微眯灰蓝双眸盯着自己身上影影绰绰斑点，黑色皮毛幽亮渗着深蓝色光泽。忍不住抬爪勾挠两下，晃动的光点。钢须抖动打个大大呵欠，脑门蹭着树干舒服翻翻身，黑色粗壮豹尾卷曲摇晃扫摆着蚊蝇。耳尖转动，收集到不寻常声响，刷的翻身利落站起，四爪稳稳抓住树干，俯身，头缓缓前伸放低。瞳仁纵成一条线一瞬不瞬盯着远处浮动身影。拧眉耸鼻，獠牙恣出，喉咙深深浅浅发出呼噜警告声，待人接近猛的从树干跃下，巨大黑色猎豹直将走近人影扑倒。呼呼喘着热气，宽大舌舔吻人脸颊，额头相抵】你回来了，我为你风靡。万圣节，黑豹戮战。\n戏文作者：戮战','',0),(110,'睡衣主题（二）自戏梗',1000055,'Se7en°浪不归','http://cosimage.b0.upaiyun.com/2015/6/1433390371121_153000_109000.jpg',0,'','',0,'','','','',1,1433390443,0,'','','【仰面躺在kingsize大床，黑色鹅绒床单，麦色颀长身体，大掌揉两下胯下巨鸟，擎天一柱高高抬起，黑色CK平角裤撑起帐篷，双手枕头后思索。昨儿已经穿过睡衣亮相，没能碰见什么好客，今儿索性……舌尖舔过薄唇，狭长双眼微眯，黑色暗涌转身隐隐火光跳动。刚硬小腹打个挺，利落起身，随意踢起拖鞋，走去浴室拽下黑色宽大鹅绒浴巾随意在跨上掖住。拉抽屉掏出雪茄，槽牙熟稔咬了烟嘴，拇指微扣搓燃火机狠嘬两口。21:38分】为你疯靡，公关戮战。\n戏文作者：戮战','',0),(111,'睡衣主题（一）自戏梗',1000055,'Se7en°浪不归','http://cosimage.b0.upaiyun.com/2015/6/1433390798897_150000_226000.jpg',0,'','',0,'','','','',1,1433390881,0,'','','【赤裸上身，修长身材，后背斑驳诉说着中东时雇佣军的征程，多带长裤光脚在宿舍来回走动准备着上班的道具。套上半指黑色皮手套，抿住拉链拽到底，右手附后，啪单手撑地，双腿绷直50个俯卧撑。基础训练让肌肉一如既往保持着张力和掠杀的激情，黑色碎发被汗打湿，起身，刚硬胸肌汗滴滑过深浅痕迹。甩脱束缚走去浴室，简单冲洗，光脚迈出，随意拿起黑色毛巾抹干身体。微眯狭长双眼，今天睡衣PLAY。甩甩头放松肩颈，咔吧作响拎起黑色四角裤套上窄腰，拉开抽屉拿出雪茄，槽牙咬了烟嘴点燃，踢踏黑色人字拖。开门，拎起黑色鹅绒晨服展臂，衣摆扬起，边穿边走往大厅，腰带垂在两侧露出精钢麦色身体】为你风靡，给你一夜终生难忘记。\n戏文作者：戮战','',0),(112,'面具主题（二）自戏梗',1000055,'Se7en°浪不归','http://cosimage.b0.upaiyun.com/2015/6/1433391130041_241000_169000.jpg',1,'','',0,'','','','',1,1433391212,0,'','','【夜礼服假面的游戏，桃乐丝的谜题，嗨宝贝是不是你？扣紧黑色修身燕尾服水晶领口，黑色礼帽金色面具，长腿踢踏着利落动感的舞步，白色手套在黑夜中如同神话中举起斧头斩断头颅那双魔鬼之手，灵活诡谲强壮有力。变化步伐，浑身散发着猎人的信息，啪啪转身，抬臂，拇指食指扣环抵住唇角匪哨响起。走近人前，伸手，左手搭人胯间右手十指交握，猛的挺身小腹贴近，额头相抵。贴蹭的鼻尖交换彼此热辣呼吸，轻轻叹气】为你风靡，今夜我只要你。\n戏文作者：戮战','',0),(113,'面具主题（一）自戏梗',1000055,'Se7en°浪不归','http://cosimage.b0.upaiyun.com/2015/6/1433391390272_135000_87000.jpg',0,'','',0,'','','','',1,1433391519,0,'','','【聚光灯下，黑色修身燕尾服，钻石领扣闪亮，修长双腿充满张力的肌肉包裹在西装长裤，复古尖头皮鞋，小臂弯挂着黑色金边手杖。抬手拇指食指环形抵唇一个口哨，刷的转身，左手轻打榧子右臂向下伸直手杖刷的滑进手掌，杖顶端抵住大理石地板。哒哒哒，嗒嗒哒哒，脚跟脚尖交错踢踏韵律，迈长腿大滑步，双臂利落伸展一只黑色礼帽不知如何出现手中。左手轻点帽檐，礼帽720°旋转啪的扣在头顶，咔吧一声响，金色半罩面具滑到鼻翼。清冷男声响起】为你疯靡，我是孤独的舞者。\n戏文作者：戮战','',0),(114,'面具主题（一）自戏梗',1000055,'Se7en°浪不归','http://cosimage.b0.upaiyun.com/2015/6/1433391390272_135000_87000.jpg',1,'','',0,'','','','',1,1433391550,0,'','','【聚光灯下，黑色修身燕尾服，钻石领扣闪亮，修长双腿充满张力的肌肉包裹在西装长裤，复古尖头皮鞋，小臂弯挂着黑色金边手杖。抬手拇指食指环形抵唇一个口哨，刷的转身，左手轻打榧子右臂向下伸直手杖刷的滑进手掌，杖顶端抵住大理石地板。哒哒哒，嗒嗒哒哒，脚跟脚尖交错踢踏韵律，迈长腿大滑步，双臂利落伸展一只黑色礼帽不知如何出现手中。左手轻点帽檐，礼帽720°旋转啪的扣在头顶，咔吧一声响，金色半罩面具滑到鼻翼。清冷男声响起】为你疯靡，我是孤独的舞者。\n戏文作者：戮战','',0),(115,'夏雨荷后宫之SOHO22',1000069,'SummerRC','http://cosimage.b0.upaiyun.com/youxi/1000069_201506041228711.png',0,'哈哈哈哈  我把这里当后宫，贾总会不会揍我','',1433392130,'38f9b556-3107-4f10-841e-df160bcf2f1e','','','',0,1433392130,0,'0','286','','',0),(116,'语音',1000057,'夏夏','http://cosimage.b0.upaiyun.com/youxi/1000057_201506041357785.png',0,'语','',1433397421,'1b8f089c-133e-482c-80b3-d996744567f0','','','',0,1433397421,0,'0','287','','',0),(117,'军服主题（二 黑色党卫军）自戏梗',1000055,'Se7en°浪不归','http://cosimage.b0.upaiyun.com/2015/6/1433397928680_103000_159000.jpg',0,'','',0,'','','','',1,1433398079,0,'','','【双臂支在浴室镜两侧，抬头看着下巴胡茬，挺狂野，上午不爽利的暴躁尚未褪去，甩头，黑色碎发齐刷背到脑后露出宽硬额头。手掌捋过，稍微修正下巴青茬拧眉做了个凶狠的表情，不赖。黑色浴巾随意抹干，硬挺肌肉暴涨，光脚走出拎起黑色党卫军军装，今儿是暴虐主题的戮战公关。勒紧同色腰带跨上枪夹，抬手拿起短马鞭，抖手腕甩在沙袋，啪啪几道深痕。脑中映出雪白臀肉上绽开红色鞭印，唇角扯出轻微弧度，舌尖舔吻唇线。】来吧宝贝，为你疯靡，直到你伤痕累累。\n戏文作者：戮战','',0),(118,'军服主题（一 白色海军上将）自戏梗',1000055,'Se7en°浪不归','http://cosimage.b0.upaiyun.com/2015/6/1433398871131_150000_107000.jpg',1,'','',0,'','','','',1,1433399006,0,'','','【黑色马靴踢踏，别上精钢马刺，双腿充满张力被美国海军的Service Dress White上将军服裤包裹。军服主题正迎合喜好，平日高强度搏击训练，一身精壮刚硬条块肌肉，猿臂蜂腰，穿上军装猎猎生风。扣紧最后一颗金口，戴上白色手套，小心翼翼将道具绶带和徽章别在胸口。双手捋过过肩黑色碎发，狭长双眼精光乍现，冷漠的唇角微抿，下巴刚毅线条如刀斧削刻。啪的收腿立正一个军礼，如蓄势待发的猎豹，镜中人周身冷冽不容近身。提起手杖，自桌上拿起雪茄，槽牙咬下烟嘴，长指微动，专用火柴点燃，左手拢火猛嘬几口缓缓吞吐。慢慢踱去大厅】只为你疯靡，晚上好，这里海军上将戮战。\n戏文作者：戮战','',0),(119,'咯亏墨迹老K考虑图',1000072,'程琰    帝权  -策-花','http://cosimage.b0.upaiyun.com/youxi/1000072_201506041423985.png',1,'大纲','',1433399039,'cdc115a1-7086-483e-b76a-5a30c6456db3','','','',0,1433399039,0,'0','293','','对戏2v3，每段50＋',0),(120,'咯亏墨迹老K考虑图',1000072,'程琰    帝权  -策-花','http://cosimage.b0.upaiyun.com/youxi/1000072_20150604142370.png',1,'大纲','',1433399039,'5225ceba-c25c-48ca-bd98-bef031576b58','','','',0,1433399039,0,'0','293','','',0),(121,'咯亏墨迹老K考虑图',1000072,'程琰    帝权  -策-花','http://cosimage.b0.upaiyun.com/youxi/1000072_201506041423979.png',0,'大纲','',1433399039,'0dc7dd8e-a368-4183-af48-b0596eecb0de','','','',0,1433399039,0,'0','293','','',0),(122,'医院主题自戏梗',1000055,'Se7en°浪不归','http://cosimage.b0.upaiyun.com/2015/6/1433399224753_83000_93000.jpg',0,'','',0,'','','','',1,1433399291,0,'','','【昨晚上半个夜班倒也清闲，看着还在宿舍呼呼酣睡的杨公关起了玩儿心。掏出手机对着人脸一通拍，心满意足拿了今后夜宵保证换上精致医生制服。内里黑色丝质衬衫，西装长裤，外套白色大褂，拉伸平整后不忘在上衣口袋别上支万宝龙钢笔，道具到齐全到尾。蹬上黑色皮鞋在落地镜前潇洒沉肩摆个POSE，双手捋过黑色碎发，摆动脖颈咔吧放松。嘿，帅哥医生。利落拉开宿舍门一路往楼上走去。】中午好，疯靡，欢迎白日宣淫。\n戏文作者：戮战','',0),(123,'校服主题自戏梗',1000055,'Se7en°浪不归','http://cosimage.b0.upaiyun.com/2015/6/1433399687137_283000_276000.jpg',1,'','',0,'','','','',1,1433399742,0,'','','【疯靡校服主题夜，看着宿舍衣架烫的笔挺的深蓝色制服，长指缓缓摸索着上衣布面。离开学校已有多少年，那时的心境早已不复存在，默默起身穿上。镜子中的自己黑色碎发比那时长了，身量更挺拔，没有了学生的青涩，一身制服违和的清新感觉。唇角扯开个弧度算是笑容，渐渐模糊了的不只是昔日青葱岁月的背影，可对？咔哒落锁走去大厅，这样能否让自己忆起也曾懵懂的年少轻狂。\n戏文作者：戮战','',0),(124,'梦金陵',1000055,'Se7en°浪不归','http://cosimage.b0.upaiyun.com/2015/6/1433399979207_186000_109000.jpg',0,'','',0,'','','','',1,1433400026,0,'','','【三月金陵烟雨朦胧，十里长亭霓裳艳影。一袭水清天色素净罗裙，外罩薄纱苗青羽织，高挽起飞天髻双鬓入云。秀挺长眉轻轻拢起淡淡哀愁，一杯梨花白，千缕女儿心，良人可知？金步摇，南海珠，素手纤腰何琴舞，思念沉淀好若秦淮河悠长，更比金陵山不移。他人道你枭雄一世万人斩，流言传你屠戮江山修罗缠，恨不能食肉剥皮扒筋去骨拆入腹，恨不能千刀剐血魂神尽散。谁能知你天下抱负万民安，谁能懂你杀孽业障自揽肩，谁能赞你雄韬伟略无人及，谁能敬你胸怀宽广可装天？细雨落长安，遥在金陵叹，你是否在看你的秀美河山，夜晚谁伴你灯火凭栏，可有窈窕晓月萧瑟，慰你长夜漫漫安眠……扬臂再饮一壶清酒，泪落罗衫，我在金陵长亭一舞，祝吾皇万世长安。】\n戏文作者：戮战','',0),(125,'无题',1000055,'Se7en°浪不归','http://cosimage.b0.upaiyun.com/2015/6/1433401293551_312000_234000.jpg',0,'黑帮主题','',1433401518,'41bb2e1b-e01c-4c10-95de-b7c9d8056085','','','',0,1433401518,0,'12','302','','',0),(126,'安东尼',1000074,'LeMPhone','http://cosimage.b0.upaiyun.com/2015/6/1433413141012_289000_385000.jpg',0,'仿佛个很好','',1433413149,'951291f3-53be-4d33-8c05-5cdee3815a99','','','',0,1433413149,2147483647,'3','314','','',0),(127,'最美的产品',1000054,'cheng','http://cosimage.b0.upaiyun.com/2015/6/1433414401966_735000_980000.jpg',0,'唾沫','',1433414423,'0f24a3fc-01fa-41c5-8c64-8e2733d9b4f0','','','',0,1433414423,2147483647,'9','317','','',0);
/*!40000 ALTER TABLE `IMStory` ENABLE KEYS */;
UNLOCK TABLES;

--
-- Table structure for table `IMStoryCategory`
--

DROP TABLE IF EXISTS `IMStoryCategory`;
/*!40101 SET @saved_cs_client     = @@character_set_client */;
/*!40101 SET character_set_client = utf8 */;
CREATE TABLE `IMStoryCategory` (
  `id` int(10) unsigned NOT NULL AUTO_INCREMENT,
  `name` varchar(10) NOT NULL,
  PRIMARY KEY (`id`) USING BTREE
) ENGINE=InnoDB AUTO_INCREMENT=13 DEFAULT CHARSET=utf8mb4;
/*!40101 SET character_set_client = @saved_cs_client */;

--
-- Dumping data for table `IMStoryCategory`
--

LOCK TABLES `IMStoryCategory` WRITE;
/*!40000 ALTER TABLE `IMStoryCategory` DISABLE KEYS */;
INSERT INTO `IMStoryCategory` VALUES (1,'其它'),(2,'韩圈'),(3,'游戏'),(4,'影视'),(5,'小说'),(6,'同人'),(7,'BLC'),(8,'宫斗'),(9,'古风'),(10,'欧美'),(11,'漫画'),(12,'原创现代');
/*!40000 ALTER TABLE `IMStoryCategory` ENABLE KEYS */;
UNLOCK TABLES;

--
-- Table structure for table `IMStoryGroup`
--

DROP TABLE IF EXISTS `IMStoryGroup`;
/*!40101 SET @saved_cs_client     = @@character_set_client */;
/*!40101 SET character_set_client = utf8 */;
CREATE TABLE `IMStoryGroup` (
  `id` int(10) unsigned NOT NULL AUTO_INCREMENT,
  `storyid` int(11) NOT NULL,
  `groupid` int(11) NOT NULL,
  `title` varchar(32) CHARACTER SET utf8mb4 NOT NULL,
  `isplay` int(11) NOT NULL,
  `intro` varchar(256) CHARACTER SET utf8mb4 NOT NULL,
  `created` int(11) NOT NULL,
  PRIMARY KEY (`id`) USING BTREE
) ENGINE=InnoDB AUTO_INCREMENT=149 DEFAULT CHARSET=utf8;
/*!40101 SET character_set_client = @saved_cs_client */;

--
-- Dumping data for table `IMStoryGroup`
--

LOCK TABLES `IMStoryGroup` WRITE;
/*!40000 ALTER TABLE `IMStoryGroup` DISABLE KEYS */;
INSERT INTO `IMStoryGroup` VALUES (113,89,262,'审核群',0,'我是夏雨荷，这里我老大。',1433385075),(114,89,263,'水聊群(审核群)',0,'快来水群吧',1433385132),(115,89,264,'雨荷的前十八年(自戏群)',1,'大明湖畔的夏雨荷',1433385345),(116,92,265,'审核群',0,'忆往昔，顾过往',1433385776),(117,100,268,'审核群',0,'',1433387549),(118,103,271,'审核群',0,'',1433388098),(119,100,272,'对戏群',0,'说说吧',1433388220),(120,89,274,'二级审核(审核群)',0,'了',1433388364),(121,105,275,'审核群',0,'大明湖',1433388446),(122,106,276,'审核群',0,'',1433388491),(123,105,277,'水聊(审核群)',0,'了',1433388500),(124,107,273,'审核群',0,'赌场老板连续被杀，凶手求总裁求保，后又要挟索要金钱。帮主与boss几经曲折终于见面。',1433388540),(125,103,279,'我j',1,'来看看啦',1433389495),(126,103,280,'痛快淋漓',1,'来看看啦',1433389685),(127,103,281,'我lkk',0,'还健健康康',1433389760),(128,108,283,'审核群',0,'',1433389804),(129,108,284,'对戏群',1,'下决心减肥减肥',1433389881),(130,115,286,'审核群',0,'哈哈哈哈  我把这里当后宫，贾总会不会揍我',1433392130),(131,116,287,'审核群',0,'语',1433397422),(132,115,288,'哥哥(审核群)',0,'哥哥',1433397448),(133,115,289,'哥哥(自戏群)',1,'黑了',1433397455),(134,107,290,'特约(审核群)',0,'体验体验',1433397679),(135,107,291,'太阳宫(自戏群)',1,'废话发个',1433397733),(136,107,292,'发货(审核群)',0,'发货',1433397791),(137,119,293,'审核群',0,'大纲',1433399039),(138,120,293,'审核群',0,'大纲',1433399039),(139,121,293,'审核群',0,'大纲',1433399039),(140,119,296,'水群(对戏群)',1,'禁三禁认亲',1433400011),(141,119,298,'戏群(审核群)',0,'每段50＋。',1433400064),(142,119,299,'阿(对戏群)',1,'戏',1433400417),(143,119,300,'。(审核群)',0,'。。',1433400707),(144,125,302,'审核群',0,'',1433401518),(145,125,303,'无题',1,'对戏群',1433402658),(146,126,314,'审核群',0,'',1433413149),(147,127,317,'审核群',0,'',1433414423),(148,127,318,'tunnel',0,'啦咯啦咯啦咯',1433414454);
/*!40000 ALTER TABLE `IMStoryGroup` ENABLE KEYS */;
UNLOCK TABLES;

--
-- Temporary table structure for view `IMStoryGroupDetail`
--

DROP TABLE IF EXISTS `IMStoryGroupDetail`;
